,Mkt-RF,SMB,HML,RF,Mom,date
0,-0.06,-0.51,4.73,0.25,0.36,192701
1,4.18,-0.25,3.27,0.26,-2.14,192702
2,0.13,-1.89,-2.56,0.3,3.61,192703
3,0.46,0.49,0.71,0.25,4.3,192704
4,5.44,1.46,4.98,0.3,3.0,192705
5,-2.34,0.51,-1.53,0.26,0.55,192706
6,7.26,-3.25,-1.14,0.3,4.31,192707
7,1.97,-0.69,-3.74,0.28,1.36,192708
8,4.76,-3.63,-0.63,0.21,1.98,192709
9,-4.31,2.12,-4.33,0.25,-0.87,192710
10,6.58,2.72,-0.27,0.21,-0.66,192711
11,2.09,0.97,-1.13,0.22,3.21,192712
12,-0.68,4.26,-0.75,0.25,-0.52,192801
13,-1.7,-2.06,-0.65,0.33,-1.09,192802
14,8.81,-0.26,-1.22,0.29,4.78,192803
15,4.23,3.98,3.44,0.22,-4.41,192804
16,1.52,2.85,-3.27,0.32,3.02,192805
17,-4.85,-3.52,-0.03,0.31,2.04,192806
18,0.62,-1.32,-0.5,0.32,2.79,192807
19,6.68,-2.06,-2.15,0.32,3.54,192808
20,2.88,2.41,0.86,0.27,3.49,192809
21,1.33,2.22,-2.16,0.41,5.12,192810
22,11.81,-1.78,2.7,0.38,2.01,192811
23,0.36,-0.86,-0.65,0.06,1.54,192812
24,4.66,-3.56,-1.24,0.34,2.45,192901
25,-0.34,-0.38,1.66,0.36,3.05,192902
26,-0.89,-4.71,1.58,0.34,-0.64,192903
27,1.43,-0.97,0.59,0.36,1.85,192904
28,-6.39,-5.37,-1.42,0.44,-2.0,192905
29,9.7,-2.17,-2.79,0.52,8.71,192906
30,4.46,-3.85,2.66,0.33,2.84,192907
31,8.18,-9.51,0.0,0.4,4.7,192908
32,-5.47,1.18,-0.62,0.35,2.97,192909
33,-20.12,-4.01,7.77,0.46,4.1,192910
34,-12.74,-1.81,5.22,0.37,-2.39,192911
35,1.33,-4.48,-0.59,0.37,5.19,192912
36,5.61,3.53,-0.92,0.14,-5.24,193001
37,2.5,0.19,0.2,0.3,0.62,193002
38,7.1,3.41,0.33,0.35,-4.42,193003
39,-2.06,-0.35,-0.35,0.21,3.98,193004
40,-1.66,-2.02,-0.71,0.26,0.05,193005
41,-16.27,-3.36,2.28,0.27,6.62,193006
42,4.12,-0.35,-1.54,0.2,-2.11,193007
43,0.3,-2.23,-0.79,0.09,3.95,193008
44,-12.75,-2.22,-5.27,0.22,11.48,193009
45,-8.78,-0.12,-1.38,0.09,6.86,193010
46,-3.04,2.22,-3.52,0.13,-1.46,193011
47,-7.83,-4.66,-5.38,0.14,13.32,193012
48,6.24,3.75,7.13,0.15,-11.07,193101
49,10.88,3.38,1.6,0.04,-14.47,193102
50,-6.43,3.06,-3.67,0.13,9.46,193103
51,-9.98,-4.63,-3.95,0.08,11.4,193104
52,-13.24,5.16,-6.59,0.09,9.26,193105
53,13.9,-5.36,11.34,0.08,-17.88,193106
54,-6.62,1.49,-2.21,0.06,8.2,193107
55,0.41,-1.92,-1.54,0.03,-3.5,193108
56,-29.13,0.48,-6.67,0.03,10.15,193109
57,8.04,-1.73,1.46,0.1,3.27,193110
58,-9.08,4.32,-5.06,0.17,7.54,193111
59,-13.53,-0.42,-9.05,0.12,14.16,193112
60,-1.58,3.85,9.16,0.23,-10.87,193201
61,5.46,-2.87,-1.31,0.23,1.59,193202
62,-11.21,2.34,-2.44,0.16,9.92,193203
63,-17.96,1.51,1.32,0.11,6.97,193204
64,-20.51,4.12,-3.32,0.06,12.28,193205
65,-0.7,0.19,5.52,0.02,1.88,193206
66,33.84,-4.59,35.61,0.03,-45.02,193207
67,37.06,13.41,34.24,0.03,-52.05,193208
68,-2.94,-2.08,-7.36,0.03,2.36,193209
69,-13.17,-2.56,-10.33,0.02,4.95,193210
70,-5.88,2.0,-13.11,0.02,-1.83,193211
71,4.4,-8.64,-7.72,0.01,5.48,193212
72,1.25,0.63,6.36,0.01,-1.6,193301
73,-15.24,-2.58,-2.95,-0.03,4.26,193302
74,3.29,3.79,7.54,0.04,2.48,193303
75,38.85,3.07,19.65,0.1,-16.51,193304
76,21.43,36.56,19.19,0.04,-4.31,193305
77,13.11,8.42,-1.78,0.02,4.0,193306
78,-9.63,-1.05,3.27,0.02,0.1,193307
79,12.05,-5.39,3.0,0.03,7.59,193308
80,-10.65,-0.4,-11.74,0.02,1.58,193309
81,-8.36,-0.2,-8.57,0.01,-2.21,193310
82,9.97,-6.47,2.32,0.02,6.1,193311
83,1.83,0.63,-1.56,0.02,4.18,193312
84,12.6,12.69,15.59,0.05,-2.97,193401
85,-2.5,5.1,2.0,0.02,-0.28,193402
86,0.09,2.51,-2.7,0.02,-0.67,193403
87,-1.79,2.73,-3.73,0.01,-4.7,193404
88,-7.25,-0.29,-5.89,0.01,-2.56,193405
89,2.64,-2.23,-2.96,0.01,-0.96,193406
90,-10.96,-6.71,-10.98,0.01,8.71,193407
91,5.58,5.24,0.68,0.01,2.48,193408
92,-0.23,-1.43,-1.31,0.01,0.06,193409
93,-1.66,1.53,-5.5,0.01,6.9,193410
94,8.33,6.31,-1.97,0.01,3.83,193411
95,0.36,2.99,-3.11,0.01,4.73,193412
96,-3.45,1.03,-1.83,0.01,3.72,193501
97,-1.94,0.56,-7.51,0.02,13.92,193502
98,-3.68,-3.59,-5.07,0.01,3.16,193503
99,9.06,-1.47,4.32,0.01,-4.67,193504
100,3.47,-3.25,2.48,0.01,-3.65,193505
101,5.93,-2.4,-1.88,0.01,2.35,193506
102,7.51,1.65,6.64,0.01,-3.75,193507
103,2.65,6.11,5.9,0.01,-7.17,193508
104,2.63,1.63,-4.01,0.01,8.95,193509
105,7.03,2.8,-2.44,0.01,1.87,193510
106,4.88,4.16,11.73,0.02,-6.27,193511
107,4.56,0.4,1.06,0.01,3.78,193512
108,6.89,5.17,10.33,0.01,-3.33,193601
109,2.49,1.42,4.87,0.01,2.45,193602
110,0.99,0.57,-1.62,0.02,1.82,193603
111,-8.14,-6.07,-2.08,0.02,-7.65,193604
112,5.19,0.9,2.54,0.02,2.47,193605
113,2.4,-3.23,-1.22,0.03,0.38,193606
114,6.67,1.0,2.4,0.01,2.85,193607
115,0.99,0.6,3.82,0.02,0.65,193608
116,0.98,3.08,0.9,0.01,1.24,193609
117,7.12,-2.43,2.47,0.02,1.0,193610
118,3.27,8.77,-1.21,0.01,1.97,193611
119,0.21,3.96,4.3,0.0,2.01,193612
120,3.35,4.34,2.61,0.01,-1.9,193701
121,1.09,1.05,4.83,0.02,3.17,193702
122,-0.27,-1.69,6.5,0.01,2.7,193703
123,-7.36,-3.83,-3.66,0.03,-3.71,193704
124,-0.83,-0.68,-3.48,0.06,0.58,193705
125,-4.21,-3.76,-3.33,0.03,0.74,193706
126,8.91,0.89,0.81,0.03,-0.55,193707
127,-4.86,0.44,-2.25,0.02,-1.85,193708
128,-13.61,-6.98,-4.57,0.04,-7.01,193709
129,-9.61,0.41,-1.55,0.02,-1.6,193710
130,-8.31,-3.6,0.15,0.02,-1.23,193711
131,-4.24,-7.74,-0.4,0.0,4.67,193712
132,0.49,4.84,-1.61,0.0,-1.61,193801
133,5.84,0.4,-2.02,0.0,-2.91,193802
134,-23.82,-4.34,-3.54,-0.01,15.55,193803
135,14.51,6.46,0.23,0.01,-8.49,193804
136,-3.83,-2.51,-0.27,0.0,7.01,193805
137,23.87,4.3,0.32,0.0,-24.79,193806
138,7.34,6.67,2.14,-0.01,-7.01,193807
139,-2.67,-2.44,-4.73,0.0,3.64,193808
140,0.81,-2.73,-1.61,0.02,2.58,193809
141,7.8,5.79,5.07,0.01,-7.77,193810
142,-1.72,-2.57,-1.21,-0.06,3.07,193811
143,4.19,-1.83,0.53,0.0,2.18,193812
144,-5.96,-1.53,-3.96,-0.01,-3.04,193901
145,3.51,0.64,2.94,0.01,3.27,193902
146,-11.99,-4.72,-8.37,-0.01,-1.55,193903
147,-0.18,1.66,-0.29,0.0,2.56,193904
148,6.8,2.78,0.53,0.01,3.54,193905
149,-5.31,-0.99,-5.45,0.01,2.05,193906
150,10.24,4.13,0.31,0.0,-0.72,193907
151,-6.68,-4.68,-2.33,-0.01,5.95,193908
152,16.88,20.61,21.88,0.01,-31.03,193909
153,-0.53,-0.16,-4.7,0.0,6.56,193910
154,-3.62,-5.22,-6.28,0.0,-0.29,193911
155,3.03,0.87,-4.19,0.0,5.38,193912
156,-2.41,0.4,-1.09,0.0,1.75,194001
157,1.44,2.22,0.19,0.0,1.79,194002
158,2.05,1.26,-1.29,0.0,-0.35,194003
159,0.22,4.01,-0.26,0.0,3.25,194004
160,-21.95,-6.61,-3.82,-0.02,2.66,194005
161,6.67,-1.72,3.88,0.0,-2.06,194006
162,3.16,1.01,-0.74,0.01,0.81,194007
163,2.19,-0.11,0.56,-0.01,-1.56,194008
164,2.39,3.22,-1.13,0.0,-0.24,194009
165,3.02,0.28,4.64,0.0,-6.51,194010
166,-1.61,1.94,0.12,0.0,1.28,194011
167,0.69,-2.15,-0.89,0.0,3.48,194012
168,-4.17,1.0,3.83,-0.01,-4.43,194101
169,-1.43,-1.56,0.89,-0.01,0.97,194102
170,0.84,0.1,3.04,0.01,2.44,194103
171,-5.46,-1.68,3.41,-0.01,3.01,194104
172,1.39,-0.65,0.6,0.0,2.52,194105
173,5.83,1.32,0.59,0.0,-0.95,194106
174,5.87,5.71,7.25,0.03,-1.63,194107
175,-0.17,-0.42,-1.1,0.01,0.12,194108
176,-0.87,-0.99,-0.28,0.01,-1.65,194109
177,-5.25,-2.02,1.63,0.0,4.75,194110
178,-1.92,-1.21,-0.64,0.0,4.05,194111
179,-4.87,-2.99,-5.94,0.01,0.25,194112
180,0.79,7.53,10.1,0.02,-3.57,194201
181,-2.46,1.72,-1.13,0.01,-0.75,194202
182,-6.58,1.77,-0.62,0.01,-0.33,194203
183,-4.37,-0.6,2.09,0.01,-0.71,194204
184,5.94,-3.05,-2.65,0.03,-4.71,194205
185,2.69,-1.22,0.54,0.02,-1.32,194206
186,3.51,-0.14,2.44,0.03,0.77,194207
187,1.8,-0.02,1.4,0.03,-0.18,194208
188,2.61,0.55,2.28,0.03,-0.64,194209
189,6.82,1.75,6.37,0.03,-4.07,194210
190,0.15,-1.36,-4.05,0.03,-0.88,194211
191,5.12,-2.56,0.54,0.03,3.26,194212
192,7.13,8.88,8.18,0.03,-0.36,194301
193,6.15,4.7,6.33,0.03,-1.55,194302
194,6.01,5.03,5.51,0.03,4.85,194303
195,0.81,2.02,5.76,0.03,6.17,194304
196,5.74,4.34,3.21,0.03,5.64,194305
197,1.82,-1.01,-0.7,0.03,-1.29,194306
198,-4.77,-2.35,-2.3,0.03,-4.64,194307
199,1.3,-0.6,-0.43,0.03,0.88,194308
200,2.4,1.3,1.43,0.03,1.8,194309
201,-1.15,0.58,1.64,0.03,-0.57,194310
202,-5.91,-1.63,-4.03,0.03,-4.6,194311
203,6.36,3.31,3.23,0.03,6.03,194312
204,1.74,2.54,2.17,0.03,0.98,194401
205,0.37,-0.11,0.83,0.03,0.33,194402
206,2.46,1.73,3.43,0.02,2.51,194403
207,-1.69,-1.38,-1.13,0.03,0.55,194404
208,5.07,1.66,1.04,0.03,1.98,194405
209,5.49,3.99,1.75,0.03,-5.13,194406
210,-1.49,0.57,-0.48,0.03,0.12,194407
211,1.57,2.32,-1.44,0.03,4.66,194408
212,0.01,0.44,-0.97,0.02,-1.06,194409
213,0.16,-0.11,-0.39,0.03,-1.34,194410
214,1.71,0.23,2.52,0.03,1.34,194411
215,4.03,2.21,6.04,0.02,3.36,194412
216,2.01,2.44,0.63,0.03,0.02,194501
217,6.23,1.52,4.33,0.02,3.1,194502
218,-3.89,-1.61,-1.66,0.02,-3.26,194503
219,7.8,0.31,3.24,0.03,4.82,194504
220,1.73,1.48,0.36,0.03,0.11,194505
221,0.39,3.06,4.23,0.02,4.14,194506
222,-2.17,-1.52,-2.62,0.03,-2.7,194507
223,6.2,1.5,-4.27,0.03,-1.31,194508
224,4.77,1.7,0.42,0.03,1.25,194509
225,3.89,2.38,2.13,0.03,0.12,194510
226,5.39,4.31,3.96,0.02,4.11,194511
227,1.2,2.1,-2.28,0.03,1.25,194512
228,6.24,3.91,2.48,0.03,3.78,194601
229,-5.83,-0.71,-1.46,0.03,-1.44,194602
230,5.87,0.29,-0.54,0.03,2.68,194603
231,4.23,2.35,0.32,0.03,2.98,194604
232,3.93,1.46,1.28,0.03,-0.46,194605
233,-3.89,-1.58,-0.39,0.03,-2.5,194606
234,-2.69,-2.07,0.07,0.03,-0.02,194607
235,-6.44,-1.84,0.55,0.03,-0.04,194608
236,-10.17,-4.4,-1.92,0.03,0.74,194609
237,-1.44,0.1,3.46,0.03,1.03,194610
238,-0.01,-0.44,1.47,0.03,0.19,194611
239,4.96,0.08,-1.36,0.03,-0.08,194612
240,1.25,2.2,-0.73,0.03,-6.36,194701
241,-1.08,0.68,0.15,0.03,-0.52,194702
242,-1.67,-1.62,0.61,0.03,4.13,194703
243,-4.8,-3.96,0.85,0.03,4.99,194704
244,-0.97,-3.26,0.33,0.03,3.34,194705
245,5.29,-0.3,-0.59,0.03,-1.67,194706
246,4.14,1.43,2.82,0.03,-3.43,194707
247,-1.74,0.32,0.18,0.03,3.33,194708
248,-0.54,1.64,1.36,0.06,0.01,194709
249,2.47,0.51,0.07,0.06,1.57,194710
250,-1.97,-1.71,1.1,0.06,4.27,194711
251,3.0,-2.46,3.71,0.08,3.62,194712
252,-3.93,2.5,1.39,0.07,-4.3,194801
253,-4.38,-1.72,0.07,0.07,1.44,194802
254,8.07,0.14,4.5,0.09,-0.31,194803
255,3.65,-1.65,4.11,0.08,4.09,194804
256,7.3,0.91,-1.27,0.08,2.3,194805
257,-0.1,-1.82,2.81,0.09,4.08,194806
258,-5.09,-0.33,0.14,0.08,-1.55,194807
259,0.25,-1.11,0.28,0.09,0.23,194808
260,-2.97,-1.23,-1.71,0.04,-1.31,194809
261,5.96,-1.5,0.58,0.04,2.8,194810
262,-9.3,-0.6,-4.13,0.04,0.54,194811
263,3.26,-2.82,-1.94,0.04,4.63,194812
264,0.23,1.77,1.23,0.1,-2.9,194901
265,-2.93,-1.9,-0.86,0.09,-0.41,194902
266,4.04,2.5,1.29,0.1,-0.94,194903
267,-1.87,-0.89,-1.13,0.09,3.1,194904
268,-2.94,-0.79,-2.37,0.1,2.98,194905
269,0.1,-0.91,-1.65,0.1,-1.06,194906
270,5.54,0.55,0.36,0.09,-1.48,194907
271,2.6,0.13,-0.62,0.09,1.72,194908
272,3.09,1.06,0.24,0.09,-1.41,194909
273,3.14,1.04,-0.47,0.09,0.06,194910
274,1.82,-1.02,-0.97,0.08,1.22,194911
275,5.13,2.08,1.79,0.09,-0.78,194912
276,1.7,3.34,0.13,0.09,-2.34,195001
277,1.48,0.01,-0.81,0.09,1.39,195002
278,1.26,-1.43,-2.81,0.1,1.47,195003
279,3.94,2.01,1.37,0.09,0.41,195004
280,4.31,-2.12,0.45,0.1,0.37,195005
281,-5.94,-2.36,-0.73,0.1,-1.58,195006
282,1.36,0.69,13.56,0.1,-0.47,195007
283,4.85,0.76,-1.5,0.1,3.19,195008
284,4.81,0.49,-1.07,0.1,-0.17,195009
285,-0.18,-0.47,1.3,0.12,1.53,195010
286,2.76,-0.89,3.33,0.11,3.63,195011
287,5.54,1.47,7.36,0.11,4.99,195012
288,5.7,1.76,3.64,0.13,2.0,195101
289,1.41,0.08,-2.85,0.1,-1.55,195102
290,-2.15,-0.77,-4.1,0.11,-2.97,195103
291,4.86,-1.45,3.27,0.13,6.01,195104
292,-2.34,0.0,-1.37,0.12,-0.93,195105
293,-2.62,-2.06,-3.75,0.12,-2.38,195106
294,6.94,-1.99,2.06,0.13,7.27,195107
295,4.27,0.99,-0.13,0.13,1.0,195108
296,0.7,1.87,0.63,0.12,0.49,195109
297,-2.53,-0.22,0.23,0.16,-0.2,195110
298,0.57,-0.32,-0.06,0.11,0.57,195111
299,3.33,-2.26,-1.59,0.12,1.68,195112
300,1.45,-0.61,1.55,0.15,1.35,195201
301,-2.62,0.82,-0.61,0.12,-0.68,195202
302,4.44,-2.99,2.17,0.11,1.59,195203
303,-4.97,0.46,-0.1,0.12,-2.06,195204
304,3.2,-1.0,0.04,0.13,0.51,195205
305,3.83,-1.64,1.24,0.15,1.48,195206
306,0.91,-0.4,-0.35,0.15,-0.57,195207
307,-0.76,1.15,0.01,0.15,0.34,195208
308,-2.03,1.11,-1.52,0.16,1.7,195209
309,-0.66,-1.05,-0.46,0.14,2.82,195210
310,5.94,-0.72,0.97,0.1,0.48,195211
311,2.93,-1.48,0.19,0.16,1.59,195212
312,-0.34,3.61,1.32,0.16,0.71,195301
313,-0.27,2.15,-0.09,0.14,0.88,195302
314,-1.43,-0.22,-0.85,0.18,0.07,195303
315,-2.83,0.3,1.57,0.16,1.91,195304
316,0.52,-0.07,0.23,0.17,0.94,195305
317,-1.89,-1.87,-0.47,0.18,0.0,195306
318,2.4,-0.99,-0.22,0.15,-0.27,195307
319,-4.52,0.3,-3.54,0.17,2.12,195308
320,0.2,-0.82,-2.44,0.16,2.85,195309
321,4.6,-1.37,-0.24,0.13,0.21,195310
322,2.83,-1.32,-0.15,0.08,1.9,195311
323,0.03,-0.86,-2.82,0.13,5.21,195312
324,5.13,0.5,3.42,0.11,-5.83,195401
325,1.67,-0.2,-0.28,0.07,1.04,195402
326,3.65,-0.52,-1.5,0.08,2.04,195403
327,4.27,-3.42,-0.34,0.09,4.97,195404
328,3.09,0.41,2.46,0.05,-1.9,195405
329,1.07,0.39,0.0,0.06,3.51,195406
330,4.99,1.06,4.13,0.05,0.48,195407
331,-2.34,2.69,-1.38,0.05,-0.66,195408
332,6.39,-2.53,0.68,0.09,1.56,195409
333,-1.67,0.62,0.67,0.07,0.95,195410
334,9.38,-2.62,4.4,0.06,1.9,195411
335,5.48,2.12,5.66,0.08,-1.33,195412
336,0.6,0.36,2.14,0.08,1.36,195501
337,3.02,1.59,0.58,0.09,1.09,195502
338,-0.16,-0.74,1.97,0.1,1.04,195503
339,3.11,-1.62,0.68,0.1,0.07,195504
340,0.93,-0.28,-0.96,0.14,0.51,195505
341,6.55,-4.65,1.84,0.1,4.62,195506
342,1.9,-1.15,0.39,0.1,-1.2,195507
343,0.21,-0.44,0.72,0.16,1.79,195508
344,-0.36,0.28,-0.98,0.16,1.82,195509
345,-2.68,1.52,-0.11,0.18,-0.61,195510
346,7.03,-2.19,0.33,0.17,2.7,195511
347,1.49,2.11,-2.31,0.18,-1.35,195512
348,-3.03,0.41,0.93,0.22,-1.4,195601
349,3.77,-0.98,-0.39,0.19,1.96,195602
350,6.64,-2.11,-0.45,0.15,3.6,195603
351,0.28,0.04,-0.22,0.19,2.58,195604
352,-5.2,1.46,-1.34,0.23,-1.61,195605
353,3.48,-1.48,-1.1,0.2,2.73,195606
354,4.84,-1.68,-0.01,0.22,2.53,195607
355,-3.18,1.91,-0.78,0.17,-0.69,195608
356,-5.14,1.54,1.76,0.18,-0.75,195609
357,0.52,-0.11,-0.01,0.25,2.43,195610
358,0.36,-0.16,1.76,0.2,3.41,195611
359,3.16,-0.04,-2.08,0.24,3.82,195612
360,-3.58,3.32,2.79,0.27,-3.09,195701
361,-2.06,-0.64,-0.79,0.24,0.32,195702
362,2.13,0.31,-0.49,0.23,-0.18,195703
363,4.26,-1.6,-1.43,0.25,1.0,195704
364,3.45,-1.02,-2.12,0.26,0.48,195705
365,-0.74,0.54,0.03,0.24,0.79,195706
366,0.66,-0.76,0.43,0.3,-0.08,195707
367,-5.11,0.05,-0.41,0.25,0.47,195708
368,-5.98,0.08,0.92,0.26,0.53,195709
369,-4.32,-2.52,-1.8,0.29,1.95,195710
370,2.3,0.4,-2.87,0.28,1.27,195711
371,-3.91,-0.98,-1.62,0.24,7.82,195712
372,4.66,4.39,4.19,0.28,-7.62,195801
373,-1.52,0.65,0.33,0.12,3.73,195802
374,3.27,0.65,-0.97,0.09,-1.88,195803
375,3.09,-0.62,1.61,0.08,1.84,195804
376,2.31,2.16,-0.26,0.11,-1.8,195805
377,2.93,-0.19,0.4,0.03,-0.88,195806
378,4.39,0.48,3.1,0.07,-3.7,195807
379,1.91,1.18,0.38,0.04,0.21,195808
380,4.66,0.13,2.86,0.19,-1.1,195809
381,2.53,1.08,-1.23,0.18,3.15,195810
382,3.01,1.97,-1.2,0.11,1.58,195811
383,5.15,-2.03,0.03,0.22,-0.65,195812
384,0.71,3.02,2.93,0.21,-0.26,195901
385,0.95,1.46,1.15,0.19,3.45,195902
386,0.28,1.49,-0.35,0.22,0.16,195903
387,3.66,-0.6,-1.23,0.2,3.17,195904
388,1.73,-2.16,1.81,0.22,1.49,195905
389,-0.25,0.67,1.31,0.25,2.9,195906
390,3.17,-0.3,0.23,0.25,-0.3,195907
391,-1.39,-0.77,0.42,0.19,-1.0,195908
392,-4.8,-0.09,0.54,0.31,0.93,195909
393,1.28,1.45,-2.06,0.3,3.71,195910
394,1.6,1.24,-3.19,0.26,2.23,195911
395,2.45,-0.58,-0.06,0.34,1.03,195912
396,-6.98,2.08,2.73,0.33,-3.54,196001
397,1.17,0.51,-1.91,0.29,3.92,196002
398,-1.63,-0.48,-2.88,0.35,1.38,196003
399,-1.71,0.33,-2.26,0.19,2.84,196004
400,3.12,1.22,-3.64,0.27,4.79,196005
401,2.08,-0.19,-0.21,0.24,0.86,196006
402,-2.37,-0.47,1.96,0.13,-0.88,196007
403,3.01,0.85,-0.22,0.17,1.91,196008
404,-5.99,-1.09,1.6,0.16,0.32,196009
405,-0.71,-4.07,2.74,0.22,1.25,196010
406,4.69,0.37,-2.43,0.13,3.78,196011
407,4.71,-1.53,-0.8,0.16,1.41,196012
408,6.2,0.72,3.67,0.19,-4.0,196101
409,3.57,3.94,-0.65,0.14,0.98,196102
410,2.89,3.33,-0.74,0.2,4.54,196103
411,0.29,0.07,2.05,0.17,3.6,196104
412,2.4,1.99,0.43,0.18,-1.57,196105
413,-3.08,-2.48,-0.17,0.2,0.33,196106
414,2.83,-1.84,-0.18,0.18,0.27,196107
415,2.57,-1.77,-0.27,0.14,1.59,196108
416,-2.15,-1.05,-0.64,0.17,0.82,196109
417,2.57,-1.54,-0.01,0.19,3.11,196110
418,4.45,1.22,-1.17,0.15,1.35,196111
419,-0.18,-0.9,1.87,0.19,-2.21,196112
420,-3.87,1.82,5.07,0.24,-2.03,196201
421,1.81,-1.2,0.91,0.2,-1.01,196202
422,-0.68,0.48,-1.33,0.2,1.84,196203
423,-6.59,-0.69,0.02,0.22,2.91,196204
424,-8.65,-3.35,2.81,0.24,0.41,196205
425,-8.47,-0.63,2.6,0.2,6.46,196206
426,6.28,1.63,-3.57,0.27,0.68,196207
427,2.13,1.25,-1.21,0.23,-0.6,196208
428,-5.22,-2.48,1.34,0.21,3.95,196209
429,-0.05,-4.01,1.35,0.25,0.76,196210
430,10.87,2.59,0.99,0.2,-7.16,196211
431,1.01,-3.8,0.35,0.23,5.89,196212
432,4.93,3.12,2.17,0.25,-2.11,196301
433,-2.38,0.46,2.2,0.23,2.53,196302
434,3.08,-2.48,1.9,0.23,1.62,196303
435,4.51,-1.35,1.0,0.25,-0.09,196304
436,1.76,1.07,2.61,0.24,0.33,196305
437,-2.0,-0.29,0.77,0.23,1.21,196306
438,-0.39,-0.53,-0.89,0.27,0.97,196307
439,5.07,-0.89,1.68,0.25,1.01,196308
440,-1.57,-0.35,0.08,0.27,0.19,196309
441,2.53,-0.56,-0.14,0.29,3.12,196310
442,-0.85,-1.17,1.81,0.27,-0.74,196311
443,1.83,-2.11,-0.08,0.29,1.75,196312
444,2.24,-0.14,1.47,0.3,0.86,196401
445,1.54,0.13,2.74,0.26,0.26,196402
446,1.41,0.99,3.36,0.31,0.75,196403
447,0.1,-1.44,-0.58,0.29,-0.58,196404
448,1.42,-0.86,1.82,0.26,2.57,196405
449,1.27,-0.1,0.63,0.3,0.46,196406
450,1.74,0.22,0.75,0.3,-0.32,196407
451,-1.44,0.17,0.08,0.28,-0.22,196408
452,2.69,-0.53,1.7,0.28,-0.41,196409
453,0.59,0.44,1.17,0.29,0.08,196410
454,0.0,0.69,-1.96,0.29,1.03,196411
455,0.03,-0.36,-2.48,0.31,-0.74,196412
456,3.54,2.7,0.12,0.28,-1.44,196501
457,0.44,3.53,0.11,0.3,0.32,196502
458,-1.34,1.88,1.03,0.36,0.15,196503
459,3.11,1.15,0.66,0.31,2.63,196504
460,-0.77,0.13,-1.61,0.31,0.6,196505
461,-5.51,-4.35,0.59,0.35,-3.13,196506
462,1.43,0.87,2.14,0.31,4.12,196507
463,2.73,2.83,-1.02,0.33,2.58,196508
464,2.86,0.64,-0.12,0.31,3.3,196509
465,2.6,2.53,1.57,0.31,3.46,196510
466,-0.03,4.65,0.1,0.35,4.45,196511
467,1.01,2.06,2.02,0.33,0.12,196512
468,0.72,3.84,3.53,0.38,5.39,196601
469,-1.21,4.38,0.29,0.35,4.57,196602
470,-2.51,0.98,-2.0,0.38,1.42,196603
471,2.14,3.41,-0.47,0.34,6.28,196604
472,-5.66,-4.6,-1.61,0.41,-4.7,196605
473,-1.44,1.04,0.49,0.38,3.25,196606
474,-1.63,-0.43,0.99,0.35,-1.4,196607
475,-7.91,-3.29,0.44,0.41,-2.14,196608
476,-1.06,-1.04,0.51,0.4,-1.84,196609
477,3.86,-6.52,2.68,0.45,-5.26,196610
478,1.4,4.35,-4.77,0.4,5.72,196611
479,0.13,2.09,-1.32,0.4,1.06,196612
480,8.15,8.3,2.25,0.43,-6.93,196701
481,0.78,3.33,-2.18,0.36,3.52,196702
482,3.99,1.42,0.54,0.39,1.53,196703
483,3.89,0.62,-2.45,0.32,0.59,196704
484,-4.33,1.8,1.18,0.33,0.72,196705
485,2.41,5.91,0.85,0.27,6.0,196706
486,4.58,3.1,2.72,0.31,-1.03,196707
487,-0.89,0.39,1.52,0.31,-1.38,196708
488,3.11,3.02,-2.42,0.32,2.52,196709
489,-3.09,1.38,-3.22,0.39,3.67,196710
490,0.37,0.16,-1.69,0.36,1.26,196711
491,3.05,5.78,-0.63,0.33,3.25,196712
492,-4.06,3.89,4.84,0.4,-4.7,196801
493,-3.75,-2.96,1.33,0.39,-3.43,196802
494,0.2,-1.35,-0.59,0.38,3.23,196803
495,9.05,5.66,-1.17,0.43,5.09,196804
496,2.28,6.49,0.66,0.45,3.8,196805
497,0.69,-0.25,0.83,0.43,-1.9,196806
498,-2.72,-1.37,5.39,0.48,-0.88,196807
499,1.34,2.32,1.0,0.42,1.89,196808
500,4.03,2.81,0.3,0.43,-0.65,196809
501,0.42,-0.48,2.86,0.44,-1.46,196810
502,5.43,2.37,-0.93,0.42,1.75,196811
503,-3.94,3.4,-0.01,0.43,-0.01,196812
504,-1.25,-0.76,1.68,0.53,-0.17,196901
505,-5.84,-3.94,0.9,0.46,-2.36,196902
506,2.64,-0.26,-0.52,0.46,3.97,196903
507,1.46,-0.87,-0.03,0.53,1.13,196904
508,-0.1,-0.22,0.72,0.48,1.7,196905
509,-7.18,-5.41,-1.09,0.51,-2.3,196906
510,-7.0,-3.22,1.18,0.53,1.7,196907
511,4.68,0.89,-3.77,0.5,2.17,196908
512,-2.98,1.14,-3.19,0.62,2.52,196909
513,5.06,3.87,-3.1,0.6,-4.31,196910
514,-3.79,-2.58,-1.21,0.52,3.66,196911
515,-2.63,-3.72,-2.84,0.64,4.96,196912
516,-8.1,2.95,3.12,0.6,0.6,197001
517,5.13,-2.56,3.93,0.62,0.23,197002
518,-1.06,-2.3,3.99,0.57,-0.36,197003
519,-11.0,-6.12,6.17,0.5,-0.77,197004
520,-6.92,-4.56,3.32,0.53,-2.78,197005
521,-5.79,-2.14,0.6,0.58,5.7,197006
522,6.93,-0.5,0.91,0.52,-3.14,197007
523,4.49,1.53,1.27,0.53,-6.55,197008
524,4.18,8.59,-5.52,0.54,-8.8,197009
525,-2.28,-4.22,0.21,0.46,9.42,197010
526,4.6,-3.94,1.7,0.46,2.73,197011
527,5.72,2.92,0.99,0.42,-2.23,197012
528,4.84,7.38,1.48,0.38,-6.51,197101
529,1.41,1.86,-1.27,0.33,0.79,197102
530,4.13,2.61,-4.03,0.3,-1.41,197103
531,3.15,-0.48,0.81,0.28,1.41,197104
532,-3.98,-1.04,-1.41,0.29,0.86,197105
533,-0.1,-1.48,-1.94,0.37,2.73,197106
534,-4.5,-1.51,-0.01,0.4,-2.37,197107
535,3.79,-0.15,2.64,0.47,3.61,197108
536,-0.85,0.51,-2.91,0.37,2.12,197109
537,-4.42,-1.74,-0.48,0.37,0.47,197110
538,-0.46,-2.78,-1.7,0.37,1.51,197111
539,8.71,3.26,-0.41,0.37,-0.58,197112
540,2.49,5.88,2.27,0.29,0.17,197201
541,2.87,1.31,-2.77,0.25,2.54,197202
542,0.63,-0.27,-1.63,0.27,2.94,197203
543,0.29,0.08,0.1,0.29,2.81,197204
544,1.25,-2.73,-2.72,0.3,3.29,197205
545,-2.43,0.24,-2.49,0.29,1.9,197206
546,-0.8,-2.87,0.66,0.31,2.7,197207
547,3.26,-4.03,4.53,0.29,-5.4,197208
548,-1.14,-2.65,0.47,0.34,1.82,197209
549,0.52,-2.73,1.35,0.4,0.71,197210
550,4.6,-1.2,4.83,0.37,-5.09,197211
551,0.62,-1.95,-2.19,0.37,4.92,197212
552,-3.29,-3.49,2.68,0.44,3.73,197301
553,-4.85,-3.87,1.6,0.41,2.16,197302
554,-1.3,-2.82,2.62,0.46,3.59,197303
555,-5.68,-3.85,5.42,0.52,6.36,197304
556,-2.94,-6.3,0.41,0.51,7.14,197305
557,-1.57,-2.85,1.19,0.51,4.3,197306
558,5.05,7.97,-5.26,0.64,-11.57,197307
559,-3.82,-2.02,1.06,0.7,3.46,197308
560,4.75,2.93,2.24,0.68,-7.0,197309
561,-0.83,-0.28,1.6,0.65,6.87,197310
562,-12.75,-7.72,3.99,0.56,8.66,197311
563,0.61,-5.37,3.94,0.64,10.38,197312
564,-0.17,9.72,6.0,0.63,-8.85,197401
565,-0.47,-0.02,2.5,0.58,0.32,197402
566,-2.81,2.5,-0.12,0.56,-1.05,197403
567,-5.29,-0.74,0.87,0.75,2.11,197404
568,-4.68,-2.96,-2.07,0.75,-0.39,197405
569,-2.83,-0.17,0.79,0.6,2.31,197406
570,-8.05,0.84,5.17,0.7,3.09,197407
571,-9.35,-0.72,2.64,0.6,3.0,197408
572,-11.77,0.27,5.59,0.81,4.24,197409
573,16.1,-3.46,-9.88,0.51,-0.54,197410
574,-4.51,-1.22,-0.2,0.54,2.14,197411
575,-3.45,-4.83,0.11,0.7,2.92,197412
576,13.66,11.15,8.27,0.58,-13.82,197501
577,5.56,0.16,-4.44,0.43,-0.6,197502
578,2.66,3.78,2.39,0.41,-2.04,197503
579,4.23,-0.66,-1.13,0.44,1.38,197504
580,5.19,3.84,-4.1,0.44,-0.58,197505
581,4.83,0.86,1.4,0.41,0.02,197506
582,-6.59,2.7,1.69,0.48,0.45,197507
583,-2.85,-3.24,-0.94,0.48,-0.1,197508
584,-4.26,-0.1,0.43,0.53,0.41,197509
585,5.31,-4.01,0.27,0.56,-0.16,197510
586,2.64,-1.21,2.05,0.41,-0.45,197511
587,-1.6,-0.77,1.69,0.48,-0.11,197512
588,12.16,4.78,8.57,0.47,4.45,197601
589,0.32,7.04,5.82,0.34,0.38,197602
590,2.32,-1.18,-0.11,0.4,0.15,197603
591,-1.49,-0.11,-0.14,0.42,0.59,197604
592,-1.34,-1.23,-1.35,0.37,-1.12,197605
593,4.05,-1.3,0.69,0.43,-0.42,197606
594,-1.07,0.29,1.73,0.47,-0.13,197607
595,-0.56,-2.0,0.81,0.42,-0.85,197608
596,2.07,-0.02,-0.29,0.44,0.22,197609
597,-2.42,0.22,-0.18,0.41,-0.44,197610
598,0.36,2.32,1.51,0.4,2.89,197611
599,5.65,3.03,2.27,0.4,0.73,197612
600,-4.05,4.76,4.27,0.36,4.01,197701
601,-1.94,1.04,0.47,0.35,0.36,197702
602,-1.37,1.0,1.09,0.38,0.55,197703
603,0.15,-0.12,3.38,0.38,4.21,197704
604,-1.45,1.18,0.85,0.37,2.03,197705
605,4.71,2.09,-0.74,0.4,1.66,197706
606,-1.69,2.16,-0.57,0.42,0.36,197707
607,-1.75,1.49,-2.73,0.44,-1.7,197708
608,-0.27,1.33,-0.46,0.43,2.0,197709
609,-4.38,1.25,1.81,0.49,-0.08,197710
610,4.0,3.72,0.23,0.5,2.01,197711
611,0.27,1.32,-0.3,0.49,1.58,197712
612,-6.01,2.24,3.36,0.49,-0.66,197801
613,-1.38,3.59,0.83,0.46,1.97,197802
614,2.85,3.48,1.16,0.53,1.37,197803
615,7.88,0.44,-3.57,0.54,0.86,197804
616,1.76,4.56,-0.53,0.51,2.83,197805
617,-1.69,1.66,0.57,0.54,2.75,197806
618,5.11,0.25,-1.11,0.56,4.18,197807
619,3.75,5.06,-0.57,0.56,2.83,197808
620,-1.43,-0.43,1.86,0.62,-3.14,197809
621,-11.91,-9.89,1.39,0.68,-8.46,197810
622,2.71,3.0,-2.14,0.7,5.47,197811
623,0.88,1.29,-2.13,0.78,3.03,197812
624,4.23,3.62,2.2,0.77,-1.36,197901
625,-3.56,0.45,1.14,0.73,-1.06,197902
626,5.68,3.22,-0.73,0.81,2.93,197903
627,-0.06,2.18,1.08,0.8,0.81,197904
628,-2.21,0.19,1.32,0.82,-0.54,197905
629,3.85,1.16,1.39,0.81,0.84,197906
630,0.82,1.28,1.86,0.77,-1.07,197907
631,5.53,2.05,-1.58,0.77,-0.21,197908
632,-0.82,-0.27,-0.9,0.83,5.28,197909
633,-8.1,-3.37,-1.86,0.87,2.01,197910
634,5.21,2.87,-3.28,0.99,8.14,197911
635,1.79,4.17,-2.1,0.95,4.78,197912
636,5.51,1.62,1.75,0.8,7.55,198001
637,-1.22,-1.85,0.61,0.89,7.88,198002
638,-12.9,-6.64,-1.01,1.21,-9.55,198003
639,3.97,1.05,1.08,1.26,-0.43,198004
640,5.26,2.13,0.38,0.81,-1.12,198005
641,3.06,1.66,-0.76,0.61,1.62,198006
642,6.49,4.14,-6.41,0.53,0.35,198007
643,1.8,3.93,-2.61,0.64,3.21,198008
644,2.19,0.97,-4.58,0.75,5.39,198009
645,1.06,2.5,-2.79,0.95,7.3,198010
646,9.59,-3.36,-8.33,0.96,15.22,198011
647,-4.52,-0.26,2.79,1.31,-6.68,198012
648,-5.04,2.92,6.72,1.04,-7.95,198101
649,0.57,-0.34,1.02,1.07,-1.35,198102
650,3.56,3.54,0.64,1.21,0.74,198103
651,-2.11,4.4,2.28,1.08,-0.91,198104
652,0.11,2.0,-0.42,1.15,3.7,198105
653,-2.36,-0.83,5.13,1.35,-5.81,198106
654,-1.54,-2.18,-0.49,1.24,-2.45,198107
655,-7.04,-1.94,4.79,1.28,-1.15,198108
656,-7.17,-2.65,5.17,1.24,1.95,198109
657,4.92,2.23,-4.21,1.21,4.01,198110
658,3.36,-1.03,1.85,1.07,-0.27,198111
659,-3.65,1.2,0.82,0.87,1.3,198112
660,-3.24,-1.28,3.19,0.8,1.72,198201
661,-5.86,0.44,6.05,0.92,4.88,198202
662,-1.87,-0.21,3.83,0.98,2.96,198203
663,3.27,1.47,-2.7,1.13,-0.4,198204
664,-3.99,0.52,1.76,1.06,2.5,198205
665,-3.09,-0.4,1.55,0.96,4.96,198206
666,-3.19,0.83,0.09,1.05,4.44,198207
667,11.14,-4.13,0.93,0.76,-3.52,198208
668,1.29,2.96,0.27,0.51,4.19,198209
669,11.3,2.35,-3.67,0.59,0.18,198210
670,4.67,4.66,-1.85,0.63,5.94,198211
671,0.55,-0.25,0.01,0.67,0.04,198212
672,3.6,2.71,-0.71,0.69,-1.74,198301
673,2.59,3.28,0.7,0.62,3.78,198302
674,2.82,1.74,2.01,0.63,0.93,198303
675,6.67,0.49,0.51,0.71,1.72,198304
676,0.52,6.26,-1.42,0.69,-1.56,198305
677,3.07,0.95,-3.91,0.67,1.8,198306
678,-4.07,1.49,5.62,0.74,-3.11,198307
679,-0.5,-4.27,5.54,0.76,-5.43,198308
680,0.91,0.62,1.01,0.76,-0.03,198309
681,-3.44,-3.57,4.97,0.76,-4.52,198310
682,2.16,2.02,-0.73,0.7,-0.13,198311
683,-1.78,-0.27,1.7,0.73,0.84,198312
684,-1.92,-0.37,7.57,0.76,-2.56,198401
685,-4.82,-1.69,3.34,0.71,0.22,198402
686,0.63,0.07,0.47,0.73,1.07,198403
687,-0.51,-1.16,1.19,0.81,2.07,198404
688,-5.97,0.07,0.29,0.78,1.51,198405
689,1.82,-0.31,-2.66,0.75,-0.7,198406
690,-2.74,-2.21,0.33,0.82,2.83,198407
691,10.28,-0.24,-1.8,0.83,-5.59,198408
692,-0.8,0.18,5.23,0.86,3.62,198409
693,-0.84,-1.23,0.47,1.0,3.16,198410
694,-1.76,-0.63,4.04,0.73,1.64,198411
695,1.84,-0.56,-0.25,0.64,1.49,198412
696,7.99,3.3,-5.33,0.65,-6.82,198501
697,1.22,0.8,-0.1,0.58,1.88,198502
698,-0.84,-1.07,4.07,0.62,1.58,198503
699,-0.96,0.15,3.72,0.72,3.04,198504
700,5.09,-2.22,-0.94,0.66,3.99,198505
701,1.27,0.52,0.41,0.55,3.57,198506
702,-0.74,2.85,-1.6,0.62,-3.91,198507
703,-1.02,-0.31,2.28,0.55,1.85,198508
704,-4.54,-1.59,1.29,0.6,1.51,198509
705,4.02,-1.51,0.75,0.65,4.88,198510
706,6.48,0.25,-2.84,0.61,-0.47,198511
707,3.88,-0.51,-1.54,0.65,-0.23,198512
708,0.65,1.21,0.44,0.56,3.0,198601
709,7.13,-0.56,-0.77,0.53,2.76,198602
710,4.88,-0.58,-0.37,0.6,2.41,198603
711,-1.31,2.78,-2.86,0.52,-0.36,198604
712,4.62,-1.35,-0.21,0.49,2.05,198605
713,1.03,-0.95,1.3,0.52,5.07,198606
714,-6.45,-3.36,4.7,0.52,1.85,198607
715,6.07,-4.17,3.51,0.46,-5.28,198608
716,-8.6,2.36,3.22,0.45,-5.79,198609
717,4.66,-2.5,-1.42,0.46,4.46,198610
718,1.17,-1.91,-0.07,0.39,-0.26,198611
719,-3.27,0.13,0.36,0.49,0.35,198612
720,12.47,-1.81,-3.16,0.42,2.2,198701
721,4.39,3.49,-5.91,0.43,-2.07,198702
722,1.64,0.45,1.61,0.47,1.68,198703
723,-2.11,-1.69,-0.39,0.44,0.22,198704
724,0.11,-0.5,0.23,0.38,-0.74,198705
725,3.94,-2.12,1.04,0.48,-0.25,198706
726,3.85,-0.66,0.73,0.46,2.66,198707
727,3.52,-0.77,-0.95,0.47,-0.86,198708
728,-2.59,0.56,0.3,0.45,0.77,198709
729,-23.24,-8.4,4.23,0.6,-7.86,198710
730,-7.77,2.75,2.96,0.35,-1.17,198711
731,6.81,0.12,-4.39,0.39,5.87,198712
732,4.21,-0.76,4.95,0.29,-7.27,198801
733,4.75,3.34,-1.69,0.46,-1.47,198802
734,-2.27,6.14,0.74,0.44,0.58,198803
735,0.56,0.98,1.63,0.46,2.24,198804
736,-0.29,-2.61,2.42,0.51,0.63,198805
737,4.79,2.1,-1.22,0.49,-2.93,198806
738,-1.25,-0.26,2.17,0.51,0.65,198807
739,-3.31,0.04,2.1,0.59,0.35,198808
740,3.3,-1.3,-0.75,0.62,0.27,198809
741,1.15,-2.92,1.69,0.61,1.33,198810
742,-2.29,-1.71,1.3,0.57,0.33,198811
743,1.49,1.97,-1.61,0.63,0.49,198812
744,6.1,-2.22,0.62,0.55,-0.16,198901
745,-2.25,2.82,0.93,0.61,0.99,198902
746,1.57,0.67,0.54,0.67,3.51,198903
747,4.33,-0.68,-1.4,0.67,1.77,198904
748,3.35,-0.05,-0.87,0.79,1.52,198905
749,-1.35,-1.02,2.23,0.71,0.43,198906
750,7.2,-4.16,-2.79,0.7,5.39,198907
751,1.44,0.56,0.6,0.74,-0.12,198908
752,-0.76,0.32,-1.27,0.65,3.4,198909
753,-3.67,-3.24,-1.11,0.68,1.32,198910
754,1.03,-1.24,-1.09,0.69,2.6,198911
755,1.16,-2.37,0.16,0.61,2.8,198912
756,-7.85,-1.25,0.85,0.57,-3.27,199001
757,1.11,0.97,0.64,0.57,-0.54,199002
758,1.83,1.46,-2.92,0.64,1.8,199003
759,-3.36,-0.45,-2.59,0.69,2.39,199004
760,8.42,-2.56,-3.83,0.68,3.03,199005
761,-1.09,1.36,-1.93,0.63,2.4,199006
762,-1.9,-3.09,-0.04,0.68,6.14,199007
763,-10.15,-3.56,1.6,0.66,1.88,199008
764,-6.12,-3.67,0.61,0.6,5.78,199009
765,-1.92,-5.53,0.0,0.68,6.71,199010
766,6.35,0.45,-2.97,0.57,-5.48,199011
767,2.46,0.82,-1.63,0.6,0.29,199012
768,4.69,3.83,-1.57,0.52,-6.45,199101
769,7.19,3.99,-0.63,0.48,-4.61,199102
770,2.65,3.9,-1.3,0.44,2.87,199103
771,-0.28,0.48,1.45,0.53,-2.36,199104
772,3.65,-0.4,-0.49,0.47,-0.11,199105
773,-4.94,0.15,1.07,0.42,0.47,199106
774,4.24,-0.92,-1.32,0.49,4.24,199107
775,2.32,1.59,-0.78,0.46,1.57,199108
776,-1.59,1.64,-1.07,0.46,1.79,199109
777,1.29,0.81,-0.46,0.42,3.06,199110
778,-4.19,-0.5,-1.88,0.39,1.14,199111
779,10.84,-2.24,-4.18,0.38,8.19,199112
780,-0.59,8.46,4.7,0.34,-2.49,199201
781,1.09,0.87,6.47,0.28,-0.53,199202
782,-2.66,-1.04,3.55,0.34,-0.29,199203
783,1.07,-6.06,4.32,0.32,-2.58,199204
784,0.3,0.41,1.19,0.28,0.21,199205
785,-2.34,-3.07,3.25,0.32,-0.58,199206
786,3.77,-0.51,-0.55,0.31,1.59,199207
787,-2.38,-0.14,-1.08,0.26,-0.51,199208
788,1.19,0.49,-0.23,0.26,1.5,199209
789,1.02,2.1,-1.98,0.23,2.48,199210
790,4.13,3.79,-1.42,0.23,-0.15,199211
791,1.53,1.67,2.65,0.28,4.31,199212
792,0.93,1.85,5.95,0.23,4.84,199301
793,0.12,-3.49,6.44,0.22,3.14,199302
794,2.3,0.23,1.19,0.25,3.73,199303
795,-3.05,-0.68,2.48,0.24,0.38,199304
796,2.89,2.08,-3.5,0.22,0.22,199305
797,0.31,-0.26,2.72,0.25,4.55,199306
798,-0.34,0.9,2.82,0.24,3.19,199307
799,3.71,0.14,0.14,0.25,2.65,199308
800,-0.12,2.98,-0.35,0.26,3.37,199309
801,1.41,2.03,-2.78,0.22,-2.72,199310
802,-1.89,-1.13,-0.66,0.25,-4.74,199311
803,1.65,1.2,0.27,0.23,2.36,199312
804,2.87,0.51,1.28,0.25,0.0,199401
805,-2.55,2.8,-1.56,0.21,-0.3,199402
806,-4.78,-1.14,1.55,0.27,-1.27,199403
807,0.68,-0.92,1.66,0.27,0.39,199404
808,0.58,-2.12,0.7,0.31,-2.19,199405
809,-3.03,-0.4,1.67,0.31,-0.87,199406
810,2.82,-1.76,0.57,0.28,0.1,199407
811,4.01,1.43,-2.5,0.37,1.55,199408
812,-2.31,3.11,-1.84,0.37,1.31,199409
813,1.34,-2.26,-1.63,0.38,1.49,199410
814,-4.04,0.31,-0.73,0.37,-0.18,199411
815,0.86,0.19,-0.09,0.44,3.48,199412
816,1.8,-3.44,2.51,0.42,-1.81,199501
817,3.63,-0.66,1.09,0.4,-0.39,199502
818,2.19,-0.21,-2.08,0.46,0.43,199503
819,2.11,-0.49,1.7,0.44,1.79,199504
820,2.9,-2.52,2.27,0.54,-0.42,199505
821,2.72,3.15,-2.54,0.47,2.93,199506
822,3.72,2.06,-1.59,0.45,2.57,199507
823,0.55,1.36,2.81,0.47,0.16,199508
824,3.35,-2.2,-0.05,0.43,2.9,199509
825,-1.52,-3.8,-0.51,0.47,4.16,199510
826,3.96,-1.11,0.58,0.42,-0.68,199511
827,1.03,0.72,0.18,0.49,2.52,199512
828,2.26,-2.73,0.4,0.43,0.54,199601
829,1.33,1.78,-1.07,0.39,0.59,199602
830,0.73,1.51,0.36,0.39,-1.84,199603
831,2.06,5.22,-4.05,0.46,-0.88,199604
832,2.36,3.19,-0.89,0.42,1.54,199605
833,-1.14,-3.99,2.38,0.4,0.98,199606
834,-5.97,-4.31,5.14,0.45,-0.17,199607
835,2.77,2.46,-0.74,0.41,0.01,199608
836,5.01,-0.98,-2.7,0.44,2.7,199609
837,0.86,-4.44,4.94,0.42,3.79,199610
838,6.25,-4.05,1.39,0.41,-2.37,199611
839,-1.7,3.17,1.32,0.46,0.63,199612
840,4.99,-1.94,-1.46,0.45,1.96,199701
841,-0.49,-3.2,5.69,0.39,-2.13,199702
842,-5.03,-0.35,3.4,0.43,0.9,199703
843,4.04,-5.78,0.07,0.43,4.84,199704
844,6.74,5.19,-4.12,0.49,-5.17,199705
845,4.1,1.24,1.59,0.37,2.6,199706
846,7.33,-2.73,0.29,0.43,3.79,199707
847,-4.15,7.31,1.2,0.41,-2.56,199708
848,5.35,2.53,0.38,0.44,1.47,199709
849,-3.8,-0.77,2.25,0.42,-0.57,199710
850,2.98,-5.13,1.19,0.39,0.33,199711
851,1.32,-2.47,3.86,0.48,3.98,199712
852,0.15,-1.06,-1.59,0.43,0.14,199801
853,7.04,0.34,-0.85,0.39,-1.12,199802
854,4.76,-1.11,1.41,0.39,2.15,199803
855,0.73,0.02,0.9,0.43,0.74,199804
856,-3.07,-3.35,3.4,0.4,1.82,199805
857,3.18,-3.23,-1.96,0.41,7.28,199806
858,-2.46,-4.91,-1.76,0.4,3.73,199807
859,-16.08,-5.68,3.6,0.43,1.84,199808
860,6.15,0.1,-3.37,0.46,-0.81,199809
861,7.13,-3.12,-2.29,0.32,-5.37,199810
862,6.1,1.2,-3.23,0.31,1.2,199811
863,6.16,-0.51,-4.18,0.38,8.92,199812
864,3.5,0.78,-4.62,0.35,3.03,199901
865,-4.08,-6.06,1.88,0.35,-0.1,199902
866,3.45,-3.77,-2.77,0.43,-1.27,199903
867,4.33,3.95,2.41,0.37,-9.04,199904
868,-2.46,3.37,2.3,0.34,-5.19,199905
869,4.77,3.14,-3.27,0.4,5.06,199906
870,-3.49,2.6,-0.42,0.38,1.66,199907
871,-1.38,-0.94,-1.84,0.39,3.12,199908
872,-2.79,3.44,-3.48,0.39,6.47,199909
873,6.12,-6.61,-3.37,0.39,5.5,199910
874,3.37,7.22,-6.16,0.36,5.64,199911
875,7.72,6.99,-8.32,0.44,13.22,199912
876,-4.74,5.79,-1.89,0.41,1.92,200001
877,2.45,21.48,-9.81,0.43,18.2,200002
878,5.2,-17.29,8.23,0.47,-6.83,200003
879,-6.4,-6.63,7.25,0.46,-8.39,200004
880,-4.42,-6.11,4.83,0.5,-8.98,200005
881,4.64,12.8,-8.41,0.4,16.61,200006
882,-2.51,-3.08,8.33,0.48,-0.1,200007
883,7.03,-0.63,-1.37,0.5,5.73,200008
884,-5.45,-1.73,7.17,0.51,1.97,200009
885,-2.76,-3.93,5.64,0.56,-4.48,200010
886,-10.72,-3.39,12.34,0.51,-2.32,200011
887,1.19,0.73,7.6,0.5,6.74,200012
888,3.13,6.68,-5.11,0.54,-25.3,200101
889,-10.05,-0.74,12.48,0.38,12.57,200102
890,-7.26,0.27,6.43,0.42,8.55,200103
891,7.94,0.56,-4.7,0.39,-7.9,200104
892,0.72,2.5,3.36,0.32,2.21,200105
893,-1.94,6.27,-1.13,0.28,0.38,200106
894,-2.13,-4.19,5.21,0.3,5.58,200107
895,-6.46,2.48,2.3,0.31,5.53,200108
896,-9.25,-6.25,1.46,0.28,11.48,200109
897,2.46,7.49,-7.66,0.22,-8.47,200110
898,7.54,-0.47,2.22,0.17,-8.69,200111
899,1.6,4.73,0.85,0.15,0.07,200112
900,-1.44,1.19,3.44,0.14,3.75,200201
901,-2.29,-1.0,2.16,0.13,6.82,200202
902,4.24,4.21,1.07,0.13,-1.64,200203
903,-5.2,5.96,3.88,0.15,7.63,200204
904,-1.38,-3.21,1.53,0.14,3.16,200205
905,-7.21,4.28,-0.03,0.13,6.03,200206
906,-8.18,-5.26,-3.86,0.15,3.74,200207
907,0.5,-2.87,3.31,0.14,1.9,200208
908,-10.35,2.43,1.44,0.14,9.13,200209
909,7.84,-3.41,-3.95,0.14,-5.58,200210
910,5.96,3.23,-1.27,0.12,-16.33,200211
911,-5.76,0.11,2.13,0.11,9.64,200212
912,-2.57,1.3,-0.73,0.1,1.55,200301
913,-1.88,-0.46,-1.38,0.09,1.17,200302
914,1.09,1.04,-1.93,0.1,1.48,200303
915,8.22,0.67,1.17,0.1,-9.33,200304
916,6.05,4.71,0.53,0.09,-10.7,200305
917,1.42,1.74,0.19,0.1,-1.0,200306
918,2.35,5.11,-1.19,0.07,-0.32,200307
919,2.34,2.62,1.54,0.07,-0.62,200308
920,-1.24,0.8,0.1,0.08,-0.19,200309
921,6.08,2.63,1.92,0.07,3.99,200310
922,1.35,2.0,1.81,0.07,1.46,200311
923,4.29,-2.71,1.6,0.08,-5.57,200312
924,2.15,2.54,2.46,0.07,2.58,200401
925,1.4,-1.52,0.87,0.06,-1.14,200402
926,-1.32,1.75,0.23,0.09,0.17,200403
927,-1.83,-1.74,-3.02,0.08,-5.38,200404
928,1.17,-0.25,-0.23,0.06,1.5,200405
929,1.86,2.28,1.23,0.08,2.05,200406
930,-4.06,-3.8,3.22,0.1,-2.28,200407
931,0.08,-1.49,1.0,0.11,-1.59,200408
932,1.6,3.02,-0.02,0.11,5.49,200409
933,1.43,0.15,-0.25,0.11,-1.38,200410
934,4.54,3.73,1.45,0.15,3.16,200411
935,3.43,-0.03,-0.21,0.16,-2.87,200412
936,-2.76,-1.72,2.07,0.16,3.05,200501
937,1.89,-0.57,1.54,0.16,3.37,200502
938,-1.97,-1.4,2.05,0.21,0.41,200503
939,-2.61,-3.93,0.05,0.21,-0.69,200504
940,3.65,2.88,-0.59,0.24,0.45,200505
941,0.57,2.59,2.81,0.23,2.05,200506
942,3.92,2.9,-0.78,0.24,0.06,200507
943,-1.22,-0.98,1.34,0.3,2.08,200508
944,0.49,-0.67,0.69,0.29,3.43,200509
945,-2.02,-1.23,0.41,0.27,-1.39,200510
946,3.61,0.99,-1.2,0.31,0.35,200511
947,-0.25,-0.41,0.22,0.32,0.77,200512
948,3.04,5.42,1.09,0.35,2.53,200601
949,-0.3,-0.4,-0.37,0.34,-1.84,200602
950,1.46,3.45,0.55,0.37,1.26,200603
951,0.73,-1.43,2.34,0.36,0.61,200604
952,-3.57,-2.98,2.39,0.43,-3.7,200605
953,-0.35,-0.38,0.8,0.4,1.54,200606
954,-0.78,-3.99,2.62,0.4,-2.13,200607
955,2.03,1.01,-2.04,0.42,-3.38,200608
956,1.84,-1.34,0.06,0.41,-0.96,200609
957,3.23,1.72,-0.26,0.41,-0.2,200610
958,1.71,0.72,0.11,0.42,-1.03,200611
959,0.87,-1.13,2.71,0.4,0.79,200612
960,1.4,0.14,-0.7,0.44,0.24,200701
961,-1.96,1.18,-0.12,0.38,-1.35,200702
962,0.68,0.15,-0.94,0.43,2.56,200703
963,3.49,-2.17,-1.43,0.44,-0.24,200704
964,3.24,0.23,-0.62,0.41,-0.34,200705
965,-1.96,0.76,-1.07,0.4,0.51,200706
966,-3.73,-2.61,-3.73,0.4,2.94,200707
967,0.92,-0.14,-1.89,0.42,0.1,200708
968,3.22,-2.22,-2.23,0.32,4.63,200709
969,1.8,0.12,-3.11,0.32,5.02,200710
970,-4.83,-2.93,-0.94,0.34,0.99,200711
971,-0.87,0.16,-0.52,0.27,6.63,200712
972,-6.36,-0.98,4.01,0.21,-7.75,200801
973,-3.09,-0.41,-0.84,0.13,6.1,200802
974,-0.93,0.77,0.35,0.17,4.27,200803
975,4.6,-1.72,-1.09,0.18,-0.31,200804
976,1.86,2.95,-1.53,0.18,3.31,200805
977,-8.44,1.24,-2.7,0.17,12.75,200806
978,-0.77,2.56,5.27,0.15,-5.07,200807
979,1.53,3.5,1.48,0.13,-4.02,200808
980,-9.24,-1.24,5.9,0.15,0.28,200809
981,-17.23,-2.52,-2.22,0.08,7.85,200810
982,-7.86,-2.87,-6.3,0.03,7.17,200811
983,1.74,3.49,0.07,0.0,-5.09,200812
984,-8.12,0.18,-11.11,0.0,-2.18,200901
985,-10.1,0.13,-6.91,0.01,4.41,200902
986,8.95,0.0,3.34,0.02,-11.87,200903
987,10.18,5.28,5.26,0.01,-34.3,200904
988,5.21,-2.52,0.37,0.0,-12.49,200905
989,0.43,2.66,-2.72,0.01,5.48,200906
990,7.72,1.87,4.84,0.01,-5.58,200907
991,3.33,-1.08,7.63,0.01,-9.07,200908
992,4.08,2.43,1.04,0.01,-4.79,200909
993,-2.59,-4.34,-4.2,0.0,2.61,200910
994,5.56,-2.39,-0.33,0.0,0.3,200911
995,2.75,6.04,-0.17,0.01,3.02,200912
996,-3.36,0.4,0.43,0.0,-5.4,201001
997,3.4,1.19,3.22,0.0,3.74,201002
998,6.31,1.48,2.21,0.01,3.76,201003
999,2.0,4.87,2.89,0.01,3.16,201004
1000,-7.89,0.09,-2.44,0.01,-0.25,201005
1001,-5.57,-1.81,-4.7,0.01,-2.76,201006
1002,6.93,0.24,-0.3,0.01,1.83,201007
1003,-4.77,-2.95,-1.96,0.01,-0.06,201008
1004,9.54,3.96,-3.17,0.01,1.41,201009
1005,3.88,1.21,-2.49,0.01,1.58,201010
1006,0.6,3.77,-0.88,0.01,2.66,201011
1007,6.82,0.67,3.78,0.01,-3.03,201012
1008,1.99,-2.44,0.77,0.01,-0.29,201101
1009,3.49,1.47,1.24,0.01,1.99,201102
1010,0.46,2.56,-1.88,0.01,3.4,201103
1011,2.9,-0.32,-2.48,0.0,0.04,201104
1012,-1.27,-0.65,-2.0,0.0,-0.62,201105
1013,-1.75,-0.14,-0.38,0.0,1.78,201106
1014,-2.35,-1.29,-0.91,0.0,0.16,201107
1015,-5.99,-3.07,-2.4,0.01,-0.28,201108
1016,-7.59,-3.33,-1.75,0.0,-2.42,201109
1017,11.35,3.3,0.12,0.0,-1.43,201110
1018,-0.28,-0.17,-0.46,0.0,3.85,201111
1019,0.74,-0.6,1.61,0.0,1.81,201112
1020,5.05,2.06,-0.94,0.0,-7.93,201201
1021,4.42,-1.86,0.43,0.0,-0.29,201202
1022,3.11,-0.66,1.12,0.0,1.3,201203
1023,-0.85,-0.41,-0.77,0.0,3.75,201204
1024,-6.19,0.09,-1.06,0.01,6.49,201205
1025,3.89,0.64,0.59,0.0,-1.06,201206
1026,0.79,-2.72,-0.12,0.0,3.02,201207
1027,2.55,0.48,1.3,0.01,-2.37,201208
1028,2.73,0.54,1.58,0.01,-1.14,201209
1029,-1.76,-1.17,3.56,0.01,0.14,201210
1030,0.78,0.61,-0.83,0.01,0.49,201211
1031,1.18,1.52,3.53,0.01,-2.86,201212
1032,5.57,0.31,0.95,0.0,-1.79,201301
1033,1.29,-0.33,0.1,0.0,1.29,201302
1034,4.03,0.83,-0.23,0.0,1.92,201303
1035,1.55,-2.36,0.5,0.0,0.22,201304
1036,2.8,1.72,2.67,0.0,-2.02,201305
1037,-1.2,1.32,0.05,0.0,0.52,201306
1038,5.65,1.87,0.57,0.0,1.75,201307
1039,-2.71,0.26,-2.68,0.0,0.02,201308
1040,3.77,2.9,-1.23,0.0,3.07,201309
1041,4.18,-1.56,1.26,0.0,0.08,201310
1042,3.13,1.29,0.28,0.0,0.44,201311
1043,2.81,-0.46,-0.01,0.0,0.02,201312
1044,-3.32,0.92,-2.02,0.0,1.71,201401
1045,4.65,0.37,-0.31,0.0,2.07,201402
1046,0.43,-1.87,4.92,0.0,-3.29,201403
1047,-0.19,-4.2,1.14,0.0,-3.89,201404
1048,2.06,-1.89,-0.13,0.0,0.88,201405
1049,2.61,3.09,-0.69,0.0,0.69,201406
1050,-2.04,-4.26,-0.02,0.0,-0.16,201407
1051,4.24,0.38,-0.43,0.0,0.82,201408
1052,-1.97,-3.71,-1.36,0.0,0.5,201409
1053,2.52,4.24,-1.85,0.0,-0.06,201410
1054,2.55,-2.03,-3.12,0.0,0.69,201411
1055,-0.06,2.48,2.29,0.0,1.12,201412
1056,-3.11,-0.54,-3.61,0.0,3.84,201501
1057,6.13,0.6,-1.85,0.0,-2.82,201502
1058,-1.12,3.06,-0.41,0.0,2.74,201503
1059,0.59,-3.04,1.83,0.0,-7.27,201504
1060,1.36,0.91,-1.1,0.0,5.81,201505
1061,-1.53,2.88,-0.76,0.0,3.01,201506
1062,1.54,-4.2,-4.07,0.0,10.0,201507
1063,-6.04,0.36,2.8,0.0,-2.09,201508
1064,-3.07,-2.63,0.57,0.0,5.22,201509
1065,7.75,-1.86,-0.46,0.0,-3.28,201510
1066,0.56,3.6,-0.38,0.0,2.28,201511
1067,-2.17,-2.81,-2.59,0.01,3.35,201512
1068,-5.77,-3.39,2.06,0.01,1.44,201601
1069,-0.07,0.81,-0.57,0.02,-4.38,201602
1070,6.96,0.76,1.1,0.02,-5.01,201603
1071,0.91,0.67,3.21,0.01,-6.02,201604
1072,1.78,-0.19,-1.66,0.01,1.42,201605
1073,-0.05,0.59,-1.45,0.02,4.13,201606
1074,3.95,2.49,-1.31,0.02,-3.34,201607
1075,0.49,1.16,3.16,0.02,-3.49,201608
1076,0.25,2.13,-1.22,0.02,0.19,201609
1077,-2.02,-4.4,4.12,0.02,0.6,201610
1078,4.86,5.68,8.2,0.01,-4.62,201611
1079,1.81,0.11,3.56,0.03,-0.26,201612
1080,1.94,-1.16,-2.73,0.04,-0.93,201701
1081,3.57,-2.05,-1.66,0.04,-1.65,201702
1082,0.17,1.13,-3.37,0.03,-1.02,201703
1083,1.09,0.72,-2.15,0.05,0.48,201704
1084,1.06,-2.55,-3.76,0.06,1.48,201705
1085,0.78,2.24,1.48,0.06,-0.09,201706
1086,1.87,-1.46,-0.22,0.07,1.62,201707
1087,0.16,-1.65,-2.07,0.09,3.26,201708
1088,2.51,4.45,3.09,0.09,-1.32,201709
1089,2.25,-1.93,0.23,0.09,4.27,201710
1090,3.12,-0.56,-0.05,0.08,-0.87,201711
1091,1.06,-1.32,0.03,0.09,-1.54,201712
1092,5.58,-3.18,-1.36,0.11,4.05,201801
1093,-3.65,0.26,-1.03,0.11,3.58,201802
1094,-2.35,4.06,-0.23,0.12,-1.13,201803
1095,0.29,1.1,0.48,0.14,0.36,201804
1096,2.65,5.31,-3.13,0.14,3.89,201805
1097,0.48,1.12,-2.33,0.14,-2.35,201806
1098,3.19,-2.24,0.45,0.16,-1.41,201807
1099,3.44,1.13,-3.98,0.16,5.29,201808
1100,0.06,-2.29,-1.7,0.15,0.04,201809
1101,-7.68,-4.78,3.43,0.19,-2.0,201810
1102,1.69,-0.69,0.26,0.18,-1.37,201811
1103,-9.55,-2.41,-1.9,0.19,2.11,201812
1104,8.41,2.9,-0.44,0.21,-8.68,201901
1105,3.4,2.04,-2.68,0.18,0.86,201902
1106,1.1,-2.98,-4.05,0.19,2.21,201903
1107,3.97,-1.72,2.17,0.21,-2.97,201904
1108,-6.94,-1.33,-2.37,0.21,7.56,201905
1109,6.93,0.28,-0.71,0.18,-2.3,201906
1110,1.19,-2.04,0.57,0.19,2.75,201907
1111,-2.58,-2.33,-4.89,0.16,6.92,201908
1112,1.43,-0.97,6.88,0.18,-6.81,201909
1113,2.07,0.25,-1.91,0.15,0.15,201910
1114,3.87,0.85,-2.09,0.12,-2.66,201911
1115,2.77,0.7,1.8,0.14,-1.77,201912
1116,-0.1,-3.13,-6.17,0.13,5.98,202001
1117,-8.13,1.02,-3.75,0.12,-0.4,202002
1118,-13.38,-4.89,-13.92,0.12,7.97,202003
1119,13.65,2.56,-1.3,0.0,-5.23,202004
1120,5.58,2.53,-4.92,0.01,0.42,202005
1121,2.46,2.67,-2.12,0.01,-0.73,202006
1122,5.77,-2.28,-1.53,0.01,7.64,202007
1123,7.63,-0.28,-2.95,0.01,0.55,202008
1124,-3.63,0.05,-2.58,0.01,3.14,202009
1125,-2.1,4.4,4.14,0.01,-3.04,202010
1126,12.47,5.63,2.1,0.01,-12.43,202011
1127,4.63,4.83,-1.41,0.01,-2.32,202012
1128,-0.03,7.12,3.0,0.0,4.5,202101
1129,2.78,2.04,7.2,0.0,-7.89,202102
1130,3.08,-2.41,7.41,0.0,-6.14,202103
1131,4.93,-3.12,-0.95,0.0,1.1,202104
1132,0.29,-0.28,7.04,0.0,0.88,202105
1133,2.75,1.76,-7.82,0.0,2.19,202106
1134,1.27,-3.96,-1.74,0.0,-2.28,202107
1135,2.91,-0.46,-0.15,0.0,2.52,202108
1136,-4.37,0.75,5.06,0.0,1.5,202109
1137,6.65,-2.3,-0.48,0.0,3.19,202110
1138,-1.55,-1.36,-0.42,0.0,0.89,202111
1139,3.1,-1.6,3.22,0.01,-2.6,202112
1140,-6.25,-5.93,12.74,0.0,-2.5,202201
1141,-2.29,2.18,3.09,0.0,1.75,202202
1142,3.06,-1.61,-1.82,0.0,2.98,202203
1143,-9.44,-1.4,6.16,0.0,4.82,202204
