,p1,p2,p3,p4,p5,p6,p7,p8,p9,p10,date,ls,Mkt-RF,SMB,HML,RF,Mom,MK
0,5.447728571428571,4.463885714285714,4.158649999999999,5.497685714285714,5.861933333333333,4.229542857142857,3.667814285714285,3.084766666666666,4.634757142857143,4.874928571428571,196501,-0.5728,3.54,2.7,0.12,0.28,-1.44,3.54
1,1.3739499627228933,1.3882864810232376,0.08095898768686766,2.7408697537159368,2.121548070939239,2.2714720575825402,1.6434503266176195,3.11076497963564,2.069201032477577,1.9056057806519198,196502,0.5316558179290265,0.44,3.53,0.11,0.3,0.32,0.44
2,-2.346660744769931,-1.9228571613227103,-2.430716332103149,-1.104445581321409,-0.9648499395912565,-1.793701063277306,-1.0564892288088403,-1.0235993723138574,-0.9886920226238117,0.06784320497011653,196503,2.4145039497400473,-1.34,1.88,1.03,0.36,0.15,-1.34
3,3.0863803933940086,3.584403436677723,3.060377522372062,4.17411958138634,3.077418678236386,3.022715732759323,3.1752895623160664,2.3723522421512047,3.68801535116288,3.4554588793601804,196504,0.36907848596617177,3.11,1.15,0.66,0.31,2.63,3.11
4,-2.125711597028389,-3.2120736564128785,-3.4090755127268246,-1.0070032603161503,-0.730213553054285,-0.7621980803017578,-0.634074831958614,-1.2122193563358443,-1.261887403137377,-0.9463226223545544,196505,1.1793889746738344,-0.77,0.13,-1.61,0.31,0.6,-0.77
5,-8.839419315090678,-8.482414809803409,-7.511964873959676,-9.68481799099789,-7.550760893848258,-7.723528233875809,-5.972520324270585,-7.761362280171201,-7.318129821047998,-7.491262404165409,196506,1.3481569109252698,-5.51,-4.35,0.59,0.35,-3.13,-5.51
6,1.1173749141109321,2.2292682168017763,1.8157028634612957,4.744769840679866,2.5641049324076826,2.315936476390344,2.306755710021289,2.158138424738004,2.5830898403477573,0.8780243225186328,196507,-0.23935059159229932,1.43,0.87,2.14,0.31,4.12,1.43
7,3.1821392478533177,4.563219632476607,3.1021991046042685,6.080565256445486,4.558191192080452,4.466980759214871,3.174997717475102,4.1780754017162876,4.30336405126204,5.074234563395314,196508,1.8920953155419964,2.73,2.83,-1.02,0.33,2.58,2.73
8,3.7163419971970293,5.88634681013438,4.934095923672374,4.424657086876315,3.6358841598541454,3.0778617722440607,2.8334608194583653,2.8551502874453627,3.393568604960115,3.5114303011840664,196509,-0.20491169601296289,2.86,0.64,-0.12,0.31,3.3,2.86
9,2.390830525537726,5.019396246592299,3.4429185663304245,5.949286890109507,4.007860524253689,3.9959719299941585,3.0736785075447863,4.4816544432042695,3.8687644817391402,3.1755757943380867,196510,0.7847452688003607,2.6,2.53,1.57,0.31,3.46,2.6
10,2.755370442910944,6.351465956638605,4.73045092324762,5.09374420437737,2.895459064743774,2.4109080488972823,2.049239493075748,2.5580224665037914,1.8641130562288883,1.6031872829189986,196511,-1.1521831599919456,-0.03,4.65,0.1,0.35,4.45,-0.03
11,5.478497740752075,4.01314478665419,4.051191322882006,4.0830227150547955,2.082412599765627,2.2281059442205278,1.5286543552216827,1.2716514921788309,2.3406825982642765,1.6970369916158554,196512,-3.7814607491362193,1.01,2.06,2.02,0.33,0.12,1.01
12,-3.7766714285714285,1.524714285714286,2.4510714285714283,1.704585714285714,2.6842999999999995,2.3196166666666667,5.410742857142857,5.085385714285715,4.6052,7.6306142857142865,196601,11.407285714285715,0.72,3.84,3.53,0.38,5.39,0.72
13,-4.785436605368966,-2.5851990456340004,0.3574744501525108,0.1320310935739788,0.4722801207614581,0.5488283909486084,2.573694930380971,3.9565206136121307,4.08766255293725,6.097731356795884,196602,10.883167962164851,-1.21,4.38,0.29,0.35,4.57,-1.21
14,-5.849967450349814,-4.014637736379124,-2.484568455723351,-2.1504624422489003,0.8249151544044312,-1.3111402053825,-2.103034133454231,-1.1568733891943694,-2.5209821588908485,-2.5225874721504797,196603,3.327379978199334,-2.51,0.98,-2.0,0.38,1.42,-2.51
15,-2.712707759299003,-0.3709360644964051,1.9471876646465993,3.2635100269890223,2.9381673767117724,2.7240000684080967,4.356663908041993,4.0717554449798525,5.493108831765494,5.833849799891011,196604,8.546557559190013,2.14,3.41,-0.47,0.34,6.28,2.14
16,-5.818425889083045,-3.9146518749842825,-5.802447747523412,-6.0109575462834295,-6.027128801860098,-6.9748097323841005,-9.479614838966125,-9.436846138373127,-9.900471650926823,-11.930987827488728,196605,-6.112561938405683,-5.66,-4.6,-1.61,0.41,-4.7,-5.66
17,-1.1577118559995025,-1.6802672577724955,0.05053922865993976,-0.7947775348503732,0.705460437096375,0.6553378487703146,2.082548732854176,0.4464099517789829,2.775931014307716,2.7786395703899758,196606,3.936351426389478,-1.44,1.04,0.49,0.38,3.25,-1.44
18,-4.499213188640792,-2.3950637420540777,-1.823577282370291,-2.0348287731573165,-1.6559379257320423,-2.01436413619584,0.742442054283852,-2.2061787225721683,-2.4210635169222114,-0.440725294169485,196607,4.058487894471307,-1.63,-0.43,0.99,0.35,-1.4,-1.63
19,-10.761330727526829,-7.2459893339024175,-7.9105017866824685,-8.374058231915539,-8.272896057985763,-9.206138926396973,-10.037767459506458,-9.597835820749207,-9.153172717012183,-9.274252385945713,196608,1.4870783415811157,-7.91,-3.29,0.44,0.41,-2.14,-7.91
20,-0.562431068407792,0.2894758216355926,-2.2000704320250035,-2.029728421935675,-1.5452709859604226,-1.9198697328576273,-3.1531610952566416,-3.5221162904336194,-2.814056284395841,-3.3018955570511994,196609,-2.7394644886434074,-1.06,-1.04,0.51,0.4,-1.84,-1.06
21,14.018514171092265,3.7868843439783753,1.4158930119873454,2.2729182102099603,-0.18580267207240908,1.481889677492369,-4.160315586735606,-6.624552647257704,-4.97533592198005,-4.135526513601859,196610,-18.154040684694124,3.86,-6.52,2.68,0.45,-5.26,3.86
22,-3.5304523620437216,-0.9209304403779975,1.5839916299646704,3.5656836148539095,6.448180679878377,6.352072674361615,10.27190135628801,12.38351323509056,10.817154903021226,7.727120055143921,196611,11.257572417187642,1.4,4.35,-4.77,0.4,5.72,1.4
23,-0.17604695734210365,1.3528110743978603,1.0272169323248277,1.9679964184977554,1.108885111926584,0.9766605236262554,2.3218073191263406,0.7073712413967085,2.3335687543657686,0.4794342084584735,196612,0.6554811658005771,0.13,2.09,-1.32,0.4,1.06,0.13
24,8.419785714285716,9.418500000000002,8.004771428571429,9.94298333333333,9.72285,8.496,7.942766666666667,9.1902,9.095166666666666,13.873814285714284,196701,5.454028571428568,8.15,8.3,2.25,0.43,-6.93,8.15
25,-3.250523624717867,1.5239184888813182,0.9325554093725826,0.8834730167585344,-0.4883251549622527,2.6205299520506027,2.8793792068445963,2.124304933794797,2.68351661282971,3.805508686772257,196702,7.056032311490124,0.78,3.33,-2.18,0.36,3.52,0.78
26,0.8648788161271056,4.009114691027487,3.5984567616015632,4.153043277863055,4.665033424433044,5.144012159685988,5.284009243652064,4.7593446367092955,7.003294409864435,7.277688314571759,196703,6.412809498444654,3.99,1.42,0.54,0.39,1.53,3.99
27,-0.8831810091278769,3.586957305366795,3.7366913559063764,4.508836514051298,3.515439000103331,5.436981694010344,4.953434665996162,5.200046502799303,4.121524898045273,6.76633979063695,196704,7.649520799764828,3.89,0.62,-2.45,0.32,0.59,3.89
28,-4.0566871227188805,-2.8762443226905305,-2.8649343931118523,-3.810165352231471,-2.7878011086160357,-4.05843113322871,-3.124698002601291,-2.840899496684807,-2.147376701206277,-2.941497637198174,196705,1.1151894855207067,-4.33,1.8,1.18,0.33,0.72,-4.33
29,3.7429270114023043,7.390112755027818,3.2701331185933262,4.779326255211714,4.519533964689266,5.433681738009431,4.57876742292472,5.572695708918708,6.016938584006047,8.864491608202291,196706,5.1215645967999865,2.41,5.91,0.85,0.27,6.0,2.41
30,4.162062342758278,2.9424785009022236,3.876066765470019,5.489338202939973,5.56674544584087,5.489980265413135,5.189896242535064,5.89865700463917,5.387096009822721,6.927914424372543,196707,2.7658520816142644,4.58,3.1,2.72,0.31,-1.03,4.58
31,-2.011025624675289,-1.68902359079049,-0.8091929375914573,-0.7859959430704242,-2.939127005695673,-1.0036270339672724,-2.0047215225651893,-1.3777454092407406,-0.9930847344523439,-2.111952235819655,196708,-0.10092661114436585,-0.89,0.39,1.52,0.31,-1.38,-0.89
32,1.1333323378215685,3.05146204537691,3.1003167902832693,4.233108506134113,3.275770934916749,4.215440050577754,4.177774743515761,3.2412875148408102,3.712862674514287,7.262405770845877,196709,6.129073433024309,3.11,3.02,-2.42,0.32,2.52,3.11
33,-4.373376290662341,-4.99401326626017,-1.6674689991067075,0.1521321295173268,-1.9012901482680382,-1.3409458003435986,-1.4497140749560136,-2.048275577306005,-1.0461415916495018,-1.2558626273583198,196710,3.117513663304021,-3.09,1.38,-3.22,0.39,3.67,-3.09
34,-1.4750232083983046,0.9884628856802821,1.1114180902148338,-0.5728685162443805,0.5041334794686012,0.7800973513978359,1.883548282282748,1.087117924891078,0.10753265703347809,1.7112801207478814,196711,3.186303329146186,0.37,0.16,-1.69,0.36,1.26,0.37
35,1.8947771359421095,3.677854952413668,3.620940500181653,5.420518132694968,3.0949048843886753,4.084387618048705,3.103747578647769,3.931771876700613,3.9006680260200923,8.272809162594772,196712,6.3780320266526624,3.05,5.78,-0.63,0.33,3.25,3.05
36,4.842342857142857,-2.647914285714285,-4.627342857142858,-4.825242857142857,-4.933571428571429,-6.902799999999999,-7.161271428571427,-7.0442,-4.494457142857143,-4.675557142857143,196801,-9.517900000000001,-4.06,3.89,4.84,0.4,-4.7,-4.06
37,-7.810352565346604,-2.5060831018001077,-3.61689468631415,-3.107198092474313,-3.949668431065423,-4.980282044452996,-6.871666106747621,-7.2787431366238335,-7.81661392503251,-8.124659364716738,196802,-0.31430679937013295,-3.75,-2.96,1.33,0.39,-3.43,-3.75
38,-4.79549423018231,-0.9259314445735382,-0.10147192275387762,0.3929791143645752,1.114109782898816,2.0169166979856423,-0.08266307398308376,0.7427789909905292,-0.4475738877551999,-1.9217775130629264,196803,2.873716717119384,0.2,-1.35,-0.59,0.38,3.23,0.2
39,2.826701588857474,7.96393740620989,8.519106009702156,9.074770192928295,9.780728170521906,11.473165774420986,11.595516469355427,14.58960415140837,14.576030766817468,15.424113858796481,196804,12.597412269939007,9.05,5.66,-1.17,0.43,5.09,9.05
40,8.072325635138332,2.1052589627102383,2.8296282104651613,3.6980107110334677,3.643399653664808,4.300084094027148,6.0398855384753,5.912234757722118,6.493177230325726,7.218994581708552,196805,-0.8533310534297796,2.28,6.49,0.66,0.45,3.8,2.28
41,12.081019627644192,2.644421568859773,0.3817689932673873,0.8443154213139037,-0.3549409332809745,-0.34499871763378226,-0.8421580528984055,-2.557592339382234,-0.5262673922864507,0.3749138592588825,196806,-11.70610576838531,0.69,-0.25,0.83,0.43,-1.9,0.69
42,-2.447360018123758,-2.1229333377843718,-3.447779600314108,-3.495701299850577,-3.599779149051556,-4.191362069092371,-6.033841820046959,-4.953119230431136,-4.1366531481902555,-3.7463288819637257,196807,-1.298968863839968,-2.72,-1.37,5.39,0.48,-0.88,-2.72
43,0.08334681809020922,2.2985369351176654,1.1372479214873268,1.6080849736716933,2.57053464707544,1.9237935841468787,1.8024730626826417,2.903186363476564,2.835522144649083,3.081122905606756,196808,2.997776087516547,1.34,2.32,1.0,0.42,1.89,1.34
44,5.898090879932118,5.196276020270887,4.639007848028442,3.046835972386614,3.539026854125561,5.462403665974661,4.788368101370941,5.175471915434683,6.555777105904854,6.6076047765233215,196809,0.7095138965912033,4.03,2.81,0.3,0.43,-0.65,4.03
45,4.899060207217685,0.9784865150818012,0.1267677351188527,0.7413840981369151,-0.43267346284633257,-0.8217446356254352,-0.5159892421026752,-0.5013240500064426,-0.7660778891011251,-0.4098373522933645,196810,-5.30889755951105,0.42,-0.48,2.86,0.44,-1.46,0.42
46,2.953110471893607,3.4259368424616676,5.4214399416665895,4.659652697592003,5.56222399502451,5.807978857045254,6.241937576126291,7.302115500127901,7.450463122795078,6.558734796774147,196811,3.6056243248805404,5.43,2.37,-0.93,0.42,1.75,5.43
47,-3.970309705594432,-1.1615397517082982,-3.5103290177537008,-2.3566731532813434,-3.580172328772077,-3.435514986694744,-4.720932260186082,-4.592120997835695,-3.030456388382567,-2.2380933361117954,196812,1.7322163694826365,-3.94,3.4,-0.01,0.43,-0.01,-3.94
48,-1.8716636363636365,-1.5379727272727273,-0.6660555555555556,-1.293918181818182,-1.3777300000000001,-0.5894454545454546,-0.1876636363636366,-0.27532999999999996,9.957700000000003,-0.6709818181818182,196901,1.2006818181818182,-1.25,-0.76,1.68,0.53,-0.17,-1.25
49,-9.476670764499488,-8.129750601000032,-8.816974876943256,-8.40734344220138,-9.202632758595174,-9.229738851967006,-7.339912676301515,-7.496410283312667,-5.958004088667199,-8.405341145450043,196902,1.071329619049445,-5.84,-3.94,0.9,0.46,-2.36,-5.84
50,2.831716005478429,4.348883625608461,2.102819413864627,2.0576896743293824,2.958856216957687,2.6459104289245152,2.6180409781476905,0.9536505723285862,-0.2724659033051984,1.8078023009560193,196903,-1.0239137045224096,2.64,-0.26,-0.52,0.46,3.97,2.64
51,1.0805036372553773,1.380219780398315,0.5171631202783822,0.9651221720447913,1.109286315313253,3.009369726380087,0.5570437407902147,1.595148371787696,1.1349005892972055,1.5092234855323416,196904,0.4287198482769643,1.46,-0.87,-0.03,0.53,1.13,1.46
52,-0.8624307459913801,0.05239540158375311,0.17384892729315493,-0.881596181528268,-1.184052135511154,-0.39299590789510885,0.20278301344611893,0.5312304465985243,0.44107345957035726,-0.6875586006675836,196905,0.17487214532379652,-0.1,-0.22,0.72,0.48,1.7,-0.1
53,-7.849445743093088,-9.436883231577957,-9.957372992668308,-9.311356712594238,-10.62027303861719,-11.364551486130617,-9.064754466812387,-11.255295067478997,-9.100937719210703,-10.51469488596662,196906,-2.665249142873532,-7.18,-5.41,-1.09,0.51,-2.3,-7.18
54,-7.7073428104006245,-8.242369404806519,-8.086154228139065,-7.862059304973993,-8.703759509310515,-9.174183057696256,-7.643093626516276,-9.51427939323967,-7.527294527111987,-8.521698375664208,196907,-0.8143555652635843,-7.0,-3.22,1.18,0.53,1.7,-7.0
55,6.74144572494886,6.5672878453317045,5.16112048545556,5.884408164899622,6.3466520160085,7.008363683243612,5.922123036651465,9.235449781796547,6.21598007940738,6.225790549972691,196908,-0.5156551749761684,4.68,0.89,-3.77,0.5,2.17,4.68
56,-1.0759434127669096,-1.9105611391819894,-2.43195912265377,-2.545076842285672,-1.6980597536183768,-1.9004152371563117,-1.9956699482062739,-0.6224504536831389,1.8318718506691956,-0.591868989180251,196909,0.48407442358665864,-2.98,1.14,-3.19,0.62,2.52,-2.98
57,4.557379891797587,6.017368244996451,5.359941547946114,4.2238264598379445,6.124346104805075,6.939369095553026,5.467991627246382,5.917761761086272,5.978524007665078,6.719607320369963,196910,2.1622274285723764,5.06,3.87,-3.1,0.6,-4.31,5.06
58,-3.1640731072279915,-4.066377081372156,-4.193459082538963,-4.146845181344956,-3.37611579417127,-4.396647804519267,-3.561120330380951,-3.5851332009443397,-4.051528356700968,-3.7273661396324402,196911,-0.5632930324044487,-3.79,-2.58,-1.21,0.52,3.66,-3.79
59,-2.827087952254882,-2.2373509195465338,-4.051431556434853,-3.400034171789899,-2.83451892761587,-2.325614697972113,-2.7856636979391403,-3.415305942421829,-2.9405622866411107,-4.220488833495809,196912,-1.393400881240927,-2.63,-3.72,-2.84,0.64,4.96,-2.63
60,-7.416528571428571,-9.137723076923075,-8.119157142857143,-8.91452,-7.589907142857141,-7.734271428571427,-8.193179999999998,-7.523371428571429,-7.71322,-4.303593333333333,197001,3.112935238095238,-8.1,2.95,3.12,0.6,0.6,-8.1
61,0.7228289948904197,0.7366363790465175,4.606233893388666,4.355349015558485,3.9770203127297403,4.360481732188526,1.985070166921869,4.6812538334182445,4.557639355121528,0.9872037965406407,197002,0.264374801650221,5.13,-2.56,3.93,0.62,0.23,5.13
62,-4.672578906516955,-4.895612306067539,-4.237496138777562,-3.6168641209734966,-2.955242239652396,-1.8720221748506285,-3.9792845616826775,-2.2343413083461843,-3.8675508574326107,-2.6553157879375293,197003,2.0172631185794256,-1.06,-2.3,3.99,0.57,-0.36,-1.06
63,-17.964249521433924,-17.641686818298925,-16.2600124932285,-16.157385322641847,-13.821615138065102,-12.624417868146757,-15.998106681388235,-13.64260069029741,-14.051520866266404,-11.182252549596768,197004,6.781996971837156,-11.0,-6.12,6.17,0.5,-0.77,-11.0
64,-10.573839218301876,-10.290749241353362,-9.260799398145144,-9.563623932450346,-8.81289424164033,-7.913668068874652,-8.66651168181357,-8.476678295766616,-8.994499380908252,-8.208095204601635,197005,2.3657440137002403,-6.92,-4.56,3.32,0.53,-2.78,-6.92
65,-6.174740960934823,-5.341182690373695,-4.790277951122779,-6.023446614882058,-4.360735456894073,-3.917363118373732,-5.3578620575492915,-3.7823516410819322,-4.570714498519091,-1.8021020992846535,197006,4.37263886165017,-5.79,-2.14,0.6,0.58,5.7,-5.79
66,3.3509918073565963,3.4870628741850545,3.5245497491503133,6.475984170772481,3.75712029246052,5.3285004359216686,3.8989842338075786,6.128083333297035,4.622314076019828,3.6319029483987104,197007,0.2809111410421141,6.93,-0.5,0.91,0.52,-3.14,6.93
67,2.2015176249329036,3.0566134188336305,3.079966870825044,3.6204321019562267,2.4671100092927114,3.729955053299638,3.581607709817673,3.3404861450808943,2.5774636572546354,1.3835053898819447,197008,-0.8180122350509591,4.49,1.53,1.27,0.53,-6.55,4.49
68,7.001738217472901,7.119236656404922,6.70501349152305,6.352896373668933,5.462200349010041,4.500664369786194,6.69235300278646,5.664830784394168,6.15454901503204,5.257456067131493,197009,-1.7442821503414079,4.18,8.59,-5.52,0.54,-8.8,4.18
69,-3.3455770725974983,-3.608687801018111,-3.5875012397840815,-4.137546919115845,-2.5597060842741652,-2.0761921256778755,-3.5777539811604853,-2.9644283042552426,-2.9995677632493893,-2.2281798229491234,197010,1.117397249648375,-2.28,-4.22,0.21,0.46,9.42,-2.28
70,1.06324200358104,1.9549867912072174,1.8959142190172709,2.5879318109605216,2.490754681939685,3.5094158629205774,2.2049586480750403,3.0490728126273696,3.117401715750281,0.866541179375506,197011,-0.19670082420553392,4.6,-3.94,1.7,0.46,2.73,4.6
71,4.656683206029123,4.516233063515714,5.310698656784331,6.492238057924683,4.881857718359658,5.520529353279368,5.738642872886761,6.902822436749385,5.869299359471513,3.197815872216531,197012,-1.458867333812592,5.72,2.92,0.99,0.42,-2.23,5.72
72,7.016027777777777,6.537872222222221,6.7627058823529405,8.02540625,4.348999999999999,5.109694444444444,5.757377777777778,5.853605882352942,5.7252222222222215,5.625877777777778,197101,-1.3901499999999984,4.84,7.38,1.48,0.38,-6.51,4.84
73,2.791878725332328,2.780309804856196,2.675564663517558,2.176725338816858,2.287854757219702,1.668846041434514,2.0507143259193095,2.1781388730768114,2.0220944445992783,2.222072429767727,197102,-0.569806295564601,1.41,1.86,-1.27,0.33,0.79,1.41
74,6.348342761731938,6.9123144726683226,7.749819959401727,5.498445849916884,6.106275029864395,5.893883812146861,5.944401466417831,5.16580989242631,5.641424012237938,5.031605693616964,197103,-1.316737068114974,4.13,2.61,-4.03,0.3,-1.41,4.13
75,3.190201992923723,3.747483881313819,4.028474058789711,4.111773800961212,3.6726900775613345,3.677695248143257,3.78254143373729,4.140190362710392,4.338904570242122,3.0981711153298486,197104,-0.09203087759387474,3.15,-0.48,0.81,0.28,1.41,3.15
76,-4.066333586364999,-3.973228637915859,-3.5683123212228356,-3.8110416437878727,-3.257976511021301,-2.982556249801267,-3.529666903689537,-3.5111082231097193,-3.7388420193926803,-3.697320305987878,197105,0.36901328037712133,-3.98,-1.04,-1.41,0.29,0.86,-3.98
77,-2.145514963317249,-0.5324165659455947,0.8027313065339455,-0.6225605735541252,0.6282926039633481,1.0115825056501584,0.7288972694814778,0.02515640240347522,-0.39257378115975966,0.2535703588501502,197106,2.399085322167399,-0.1,-1.48,-1.94,0.37,2.73,-0.1
78,-7.944306695439523,-7.179265339521518,-6.467717328588876,-5.757687858445104,-5.462357467892306,-3.578670537963811,-5.554205861058383,-4.64113603552924,-4.7841044494423794,-4.018560983874625,197107,3.9257457115648973,-4.5,-1.51,-0.01,0.4,-2.37,-4.5
79,4.944629971598848,4.873400328723178,5.57532127572225,4.933368708049144,3.9643331150246963,2.5778365714331484,5.189593981285538,4.627192655045954,4.516221646968753,4.1414423086394105,197108,-0.8031876629594379,3.79,-0.15,2.64,0.47,3.61,3.79
80,-0.3205509095748829,-0.5121085122851262,0.2419874550033998,-1.1813399790374004,0.4280332177486105,-0.6339216869120636,-0.5621434104301968,-0.5450044901302219,-0.14330006377832244,-0.192335114658496,197109,0.1282157949163869,-0.85,0.51,-2.91,0.37,2.12,-0.85
81,-6.50326432472425,-7.441091763927608,-5.077062650230948,-6.216030607066094,-4.928899005449972,-5.3686986276623205,-4.797922215070521,-4.671330121976538,-4.702951881902183,-5.164462443491095,197110,1.338801881233155,-4.42,-1.74,-0.48,0.37,0.47,-4.42
82,-3.579958120334436,-3.0792408551537194,-1.120620735749914,-1.5915602962306235,-0.8912585177651262,-0.47405963459912337,-0.9768032550648488,-0.488979333855862,-1.0888811271496577,-0.7248194885828153,197111,2.855138631751621,-0.46,-2.78,-1.7,0.37,1.51,-0.46
83,10.274391125867488,11.888938464800342,12.041670604004164,10.65988307673963,10.765635242766193,9.771629834001555,8.863838889540137,8.950750069709024,10.608676864972248,9.63350682194986,197112,-0.6408843039176286,8.71,3.26,-0.41,0.37,-0.58,8.71
84,4.462439999999999,3.8803650000000003,4.468235,4.69158,3.7038,4.320285714285715,6.305835,4.848199999999999,6.75567,8.083728571428573,197201,3.6212885714285727,2.49,5.88,2.27,0.29,0.17,2.49
85,2.992948353010647,3.565222832971375,3.6595744664400938,4.016599569825262,3.068797239336268,4.705773838758223,5.052875621603282,5.767091786304252,5.1003956770271905,4.812496743270611,197202,1.8195483902599636,2.87,1.31,-2.77,0.25,2.54,2.87
86,-0.531631631712584,0.528730123253579,0.24623122797377495,0.4261120638741511,0.7481698361005324,0.8495128367756142,1.3561094299067322,1.297349706347259,1.9062941816664742,1.1881077346424116,197203,1.7197393663549956,0.63,-0.27,-1.63,0.27,2.94,0.63
87,1.5123065159471272,0.30415750762124066,1.0275808480647417,1.7796279729503013,1.3022636384765254,0.5097729940467852,1.3991331716777404,1.122589971253043,2.209153371412688,2.0553655856681075,197204,0.5430590697209803,0.29,0.08,0.1,0.29,2.81,0.29
88,-1.6012556883641802,1.0486151377317543,1.3586654063579264,1.601385756120833,0.2459192802420061,1.611482597226582,2.5019380971492864,1.9909548789106297,2.596864935665703,3.050831380857888,197205,4.652087069222068,1.25,-2.73,-2.72,0.3,3.29,1.25
89,-2.6936856477993625,-4.014932615011342,-3.97674825066373,-4.480931511617842,-3.440259533412406,-3.155716407216484,-2.966894781001127,-3.69868267865172,-3.9809625078769133,-4.177426903132381,197206,-1.4837412553330185,-2.43,0.24,-2.49,0.29,1.9,-2.43
90,-2.9708843377009106,-3.0088139362678925,-2.783578340311823,-2.997296069403135,-2.9567898184921817,-2.0757894334668454,-3.456533722643011,-3.030705022663462,-3.596241691159375,-5.482623024788509,197207,-2.511738687087599,-0.8,-2.87,0.66,0.31,2.7,-0.8
91,1.7472074370539028,2.0186343232450192,1.0355638162587764,1.0513332128640231,1.5902703049689852,0.6616933943369443,-0.35344202969218297,0.18630260529345227,-0.6755208462806253,-1.0602981199261567,197208,-2.8075055569800593,3.26,-4.03,4.53,0.29,-5.4,3.26
92,-2.771643960479199,-2.5850430958912853,-2.4277576925320803,-2.610212376443446,-1.7473772827507854,-1.8931893261124835,-2.5191813395335694,-2.3405909033860395,-1.7639044094583487,-2.652369800434532,197209,0.11927416004466673,-1.14,-2.65,0.47,0.34,1.82,-1.14
93,-0.9763815334420854,-1.4229425070001578,-0.5503335892486689,-1.357022899940128,-1.2244804011853645,-0.8819820014437247,-1.5501344837930096,-0.03682833022592402,-1.434243542117533,-1.9584670092368794,197210,-0.9820854757947941,0.52,-2.73,1.35,0.4,0.71,0.52
94,3.4011734449273963,3.56974784240509,3.3378557427551727,3.029096525300553,4.170097018408065,2.722291284166946,3.436576113318988,3.3500267523138647,3.308047549593633,3.212813660443848,197211,-0.18835978448354807,4.6,-1.2,4.83,0.37,-5.09,4.6
95,-1.6288755621851134,-0.9928025853107549,0.02046109500752319,0.09607470544501939,-0.41896335127111645,0.5168289417663049,0.43586288716477817,0.7325066260606804,0.6525454059457959,1.2362093118756818,197212,2.8650848740607953,0.62,-1.95,-2.19,0.37,4.92,0.62
96,-8.245957142857142,-7.180872727272727,-6.542833333333333,-7.476500000000001,-5.739642857142857,-5.142219047619047,-5.794881818181818,-6.181947619047619,-6.432077272727272,-4.473813636363637,197301,3.7721435064935047,-3.29,-3.49,2.68,0.44,3.73,-3.29
97,-8.91969753318137,-8.521905403785464,-8.556681517157468,-7.8816987544324295,-6.844218148851811,-6.930395375178279,-7.655574855557792,-7.208320326524325,-7.770560653057818,-5.857100019984525,197302,3.0625975131968453,-4.85,-3.87,1.6,0.41,2.16,-4.85
98,-3.621571860532274,-3.3749742950785,-2.871996173682062,-2.575632442624804,-1.8376905634669847,-2.1504568446810097,-1.8787990040151665,-2.883071723368068,-3.356501077155594,-2.2832145416254503,197303,1.3383573189068239,-1.3,-2.82,2.62,0.46,3.59,-1.3
99,-10.097175637148625,-9.242481792105295,-7.674762298774473,-8.413000131330394,-8.438908842499636,-7.591711489209205,-7.537188327490005,-8.500307288764631,-9.57916752589468,-7.890650430138217,197304,2.206525207010408,-5.68,-3.85,5.42,0.52,6.36,-5.68
100,-5.854758380750406,-6.146731923893032,-5.824723461767571,-5.037003553315604,-5.20608536198814,-4.603598296096716,-5.036301959312682,-4.217494828110254,-4.707956239459019,-3.4047463138448553,197305,2.4500120669055505,-2.94,-6.3,0.41,0.51,7.14,-2.94
101,-2.8723621541720687,-3.316949992455765,-3.6376353515446036,-2.018602063367557,-2.9000484110381306,-2.26124463265056,-2.1217929971781535,-2.6730493512307474,-2.4691997211336343,-1.7489074335223775,197306,1.123454720649691,-1.57,-2.85,1.19,0.51,4.3,-1.57
102,9.427342584045153,8.409492732270774,9.157558131094532,6.90983542074541,8.205742518218711,7.399992072772597,7.037846399050159,8.54437445240073,9.596446580725152,8.526508395821166,197307,-0.9008341882239872,5.05,7.97,-5.26,0.64,-11.57,5.05
103,-2.971794361157394,-3.551104556700704,-3.159250616126834,-3.2000646750606716,-3.923741141708512,-3.027967141032499,-2.196464313501208,-2.4816822722755307,-1.4749459238342115,-2.3862870695685814,197308,0.5855072915888127,-3.82,-2.02,1.06,0.7,3.46,-3.82
104,6.241959848593817,6.9759483956600885,7.299162637591236,6.271149897732539,7.650878238504376,6.219451823435553,6.332346261049646,6.017026505673072,5.878820777281226,5.4598353026444375,197309,-0.7821245459493795,4.75,2.93,2.24,0.68,-7.0,4.75
105,-1.6208473463832307,-1.1074253866179202,-2.2066616679749798,-1.3853004496986125,0.6180970049232771,-1.166698802557261,-0.6451493038746811,-1.051521659372722,-0.7788248846137795,0.070526063725451,197310,1.6913734101086817,-0.83,-0.28,1.6,0.65,6.87,-0.83
106,-16.243840779168735,-15.396609199059744,-15.756976088067795,-13.999385623229884,-13.321568164511985,-14.30006809338991,-14.492327078675737,-14.317339473099157,-15.390257939933601,-15.595442463904666,197311,0.6483983152640693,-12.75,-7.72,3.99,0.56,8.66,-12.75
107,-0.7059245533988239,0.036546645005934075,-0.054479673476031,0.7156375987230025,0.5135369492533467,1.7462492984367466,0.9903157550642031,-0.3728088661446528,0.8592211777640174,1.2886527729495687,197312,1.9945773263483926,0.61,-5.37,3.94,0.64,10.38,0.61
108,4.136286363636364,0.9936000000000001,0.8401857142857144,-1.108166666666667,-0.47377000000000014,-1.4690750000000001,-1.3850904761904763,-4.188033333333333,-2.009714285714286,0.062038095238095115,197401,-4.074248268398269,-0.17,9.72,6.0,0.63,-8.85,-0.17
109,-0.17901755790626706,-0.6232515813289524,1.2296260440963307,-0.6325795129254362,0.8227669512165935,-1.4175614338424607,-0.18866362991198482,0.02488607167494028,-0.2697423697074476,0.7969133463121457,197402,0.9759309042184128,-0.47,-0.02,2.5,0.58,0.32,-0.47
110,-3.799720361672699,-3.488430119347792,-4.358213193960513,-4.397499395095238,-2.7721378612665584,-3.90580619231263,-3.6127767106127386,-3.9130729023892963,-3.721108598520869,-2.9369602355374647,197403,0.8627601261352345,-2.81,2.5,-0.12,0.56,-1.05,-2.81
111,-6.651535193252769,-6.303064693004112,-5.132067062325039,-5.933090794697883,-4.773704855157731,-4.751180575520249,-5.049906549826315,-4.267368677565353,-4.530946558487647,-4.94720444045893,197404,1.7043307527938394,-5.29,-0.74,0.87,0.75,2.11,-5.29
112,-7.835605085066328,-6.131978401537769,-6.548021069578179,-5.5811607720996586,-6.14523980952569,-4.911241155991259,-5.502784204809238,-4.276500696844169,-5.729494697943949,-5.680026923275985,197405,2.155578161790343,-4.68,-2.96,-2.07,0.75,-0.39,-4.68
113,-4.719823287842677,-4.131458162145345,-3.2735550807285225,-3.139981450594793,-2.9536234296976676,-3.55767642262307,-2.7134078480512747,-2.314243399925508,-2.7007742784285793,-2.7138154688650986,197406,2.0060078189775785,-2.83,-0.17,0.79,0.6,2.31,-2.83
114,-7.508853791428286,-8.005172945881453,-7.671042088837665,-7.751362456238852,-5.392480372935392,-7.437671774562358,-6.772157533334088,-7.242499647393895,-6.7241315579054675,-4.130361059702169,197407,3.3784927317261166,-8.05,0.84,5.17,0.7,3.09,-8.05
115,-9.024916229009424,-9.998291632791112,-7.922762399561499,-8.5569964930464,-6.860637839033555,-7.308062826790593,-7.667798159158809,-7.005729504189432,-6.860812651347653,-6.304405246233954,197408,2.72051098277547,-9.35,-0.72,2.64,0.6,3.0,-9.35
116,-11.378041556571842,-11.793057468597782,-10.334252254912935,-10.444767600406431,-10.474266225286764,-10.342759553011582,-10.685760175691795,-11.103314757546501,-10.989931562146996,-7.853738046248187,197409,3.524303510323654,-11.77,0.27,5.59,0.81,4.24,-11.77
117,14.278768416717355,13.928518272173042,16.322920016639376,15.365556477839082,14.138489862726521,15.053060252793012,15.026996331979399,15.607583061666544,15.989521653275114,10.822348139927708,197410,-3.456420276789647,16.1,-3.46,-9.88,0.51,-0.54,16.1
118,-4.3225875732160635,-3.718446448163281,-3.1615347422953737,-3.5631549367327295,-2.5374041565082592,-2.959693957007567,-3.8560973026275565,-2.910833540773847,-2.2373309507477055,-0.9967496310004361,197411,3.325837942215627,-4.51,-1.22,-0.2,0.54,2.14,-4.51
119,-6.061815910531298,-5.870447167451064,-3.8383768513203638,-3.5366570715996195,-3.5750210197897463,-3.7815920951284276,-3.9166925596692526,-3.203842076263186,-3.8188306076681267,-3.866248947216847,197412,2.195566963314451,-3.45,-4.83,0.11,0.7,2.92,-3.45
120,14.93008,8.91308,10.507810000000001,14.41968947368421,7.843165000000001,11.410820000000001,9.064826315789473,6.8612649999999995,6.965040000000001,9.598142105263157,197501,-5.331937894736843,13.66,11.15,8.27,0.58,-13.82,13.66
121,8.955474189969708,6.673602681024076,7.240276405527137,5.464267977912842,5.911340263860958,4.761213726417848,5.267708592584868,3.517630797079743,3.8572357486598032,4.0269913868234575,197502,-4.928482803146251,5.56,0.16,-4.44,0.43,-0.6,5.56
122,6.609576993300446,4.549081635051253,4.659849207063685,4.192888779968238,4.005270810866812,3.408169798847089,3.8844466412137164,3.814648118894069,3.8852554646292434,3.675443805810839,197503,-2.934133187489607,2.66,3.78,2.39,0.41,-2.04,2.66
123,6.6251910157576965,6.818023409381287,5.840660275078116,4.738988358811119,6.006161651016081,6.348912286174483,5.29507690468946,4.4552198995789825,5.308310592068941,4.284157893325386,197504,-2.341033122432311,4.23,-0.66,-1.13,0.44,1.38,4.23
124,8.6546606188758,5.443263006727952,4.80605070441649,5.724495136481966,5.3732254593649085,5.179015132420603,5.433085130276729,5.578263896971916,4.611308953176215,4.4381014639496135,197505,-4.216559154926186,5.19,3.84,-4.1,0.44,-0.58,5.19
125,4.179334211068919,3.466287553078563,4.263942464949488,4.170412434464896,4.071600848781447,5.111723365136382,4.252308049797735,4.437789445714204,4.821345212070308,3.6605430818384095,197506,-0.5187911292305092,4.83,0.86,1.4,0.41,0.02,4.83
126,-7.188502627964047,-6.917854909641948,-7.404870424636265,-6.667666133289478,-6.947435481907949,-6.2311942432651755,-6.665913262491875,-5.9020579758748095,-4.525588815201225,-4.55331725879855,197507,2.635185369165497,-6.59,2.7,1.69,0.48,0.45,-6.59
127,-4.776191650295216,-4.722257947192585,-3.535397932419239,-4.5198012077762275,-3.2147040770049773,-3.1490336395252627,-3.1327515907236636,-3.0518651853475283,-2.690273388416449,-3.410649636503552,197508,1.3655420137916643,-2.85,-3.24,-0.94,0.48,-0.1,-2.85
128,-4.879054544727741,-5.221128156910013,-4.844035563484607,-4.670326672309218,-4.955572475100174,-4.574703095146808,-4.3571476022410405,-3.5994066939665403,-3.601721848540844,-3.2751999141167483,197509,1.6038546306109924,-4.26,-0.1,0.43,0.53,0.41,-4.26
129,4.470612445304127,3.6279457096938246,3.506118122033024,3.88331762883165,2.8681505178715256,3.2209145019514183,3.120781046355701,2.386287288684781,2.4040656880334055,2.008154818906675,197510,-2.4624576263974514,5.31,-4.01,0.27,0.56,-0.16,5.31
130,2.1865326426919403,0.9724612821069778,2.3009878333174836,2.9167570615111305,1.241137393124799,1.8779395305149207,2.0201531281751994,1.5695436399747822,1.3624996195805705,0.8123883452837319,197511,-1.3741442974082085,2.64,-1.21,2.05,0.41,-0.45,2.64
131,-1.7723344471996345,-1.8926692844177504,-1.2139179305700785,-1.7149231954411448,-1.0174189284095903,-1.3272786249703672,-1.193754039499109,-0.9310032973490929,-0.5421632648430458,-0.6438543905428036,197512,1.128480056656831,-1.6,-0.77,1.69,0.48,-0.11,-1.6
132,7.079063157894737,11.99392222222222,11.345852631578948,11.833199999999998,11.471015789473684,12.025166666666669,13.848842105263158,14.148094736842102,14.715573684210526,17.872322222222223,197601,10.793259064327486,12.16,4.78,8.57,0.47,4.45,12.16
133,1.1268920124642474,0.19640213366215248,0.11426511798658107,1.4066707535145941,1.4533142639420147,2.213894784559883,2.620188755597988,1.9676120923572682,4.906119255140805,6.0728514964226905,197602,4.945959483958443,0.32,7.04,5.82,0.34,0.38,0.32
134,-0.4077676092839321,0.7742953692823452,0.7931450575991054,0.41898232996027485,0.42745936117439776,1.4774115933006997,0.7250309469279183,1.832914658455862,1.904625682901326,1.0307383656659321,197603,1.4385059749498643,2.32,-1.18,-0.11,0.4,0.15,2.32
135,-0.6682740678630024,-1.5517978559269265,-2.2302775991816395,-2.7044583860800824,-2.33351125369386,-2.2196633297242747,-2.5092122027867125,-2.658348602631741,-2.840250184009425,-2.953815506395963,197604,-2.285541438532961,-1.49,-0.11,-0.14,0.42,0.59,-1.49
136,-2.065312390450059,-1.433982021921428,-1.3655539185675116,-1.8120365780310017,-1.8835527294617673,-0.9311224014993036,-2.6472607722222907,-1.9750419447824914,-1.5234402381449703,-3.489702029129346,197605,-1.424389638679287,-1.34,-1.23,-1.35,0.37,-1.12,-1.34
137,2.6575200464282704,3.7030254633511013,3.899251689076172,4.233597756247572,3.820386076030728,3.7899835945839313,5.353733749657196,4.559463998839859,4.937785193005917,4.818971052700155,197606,2.161451006271884,4.05,-1.3,0.69,0.43,-0.42,4.05
138,-2.6697557622417785,-1.7764954409360265,-2.195999403362107,-2.7526708262971002,-1.8606795666370988,-1.6178561781800493,-2.3653619505768995,-1.6215027942593065,-1.606069138328645,-1.5274645059218315,197607,1.1422912563199472,-1.07,0.29,1.73,0.47,-0.13,-1.07
139,-2.752588675395586,-1.7008691865523315,-1.3090233732374994,-1.623817895015027,-1.6022814938472865,-1.6738127298234327,-1.868163469380178,-1.6295957995532269,-1.7171388477970093,-2.1716384457899682,197608,0.5809502296056179,-0.56,-2.0,0.81,0.42,-0.85,-0.56
140,1.7521124528397016,1.8473305442934351,1.430690292017598,1.7200817727993845,0.7403030547865017,2.2696438980567493,0.8545122699431114,1.3958986444250459,2.644510506798048,2.2042788204516723,197609,0.4521663676119707,2.07,-0.02,-0.29,0.44,0.22,2.07
141,-1.690020822607161,-3.3664366322284565,-3.776690942490224,-3.4237471257380485,-3.3289284254822444,-3.1769315798315643,-3.6206147840517717,-3.378228805712898,-3.0122368803281354,-3.2050823226962675,197610,-1.5150615000891063,-2.42,0.22,-0.18,0.41,-0.44,-2.42
142,1.4463418260119631,0.9429301176129835,0.8614287229027279,1.4688330218800014,1.3352554851197054,1.6777816393609828,2.293653116081053,2.297086358541418,3.344480041348354,3.973080649756874,197611,2.526738823744911,0.36,2.32,1.51,0.4,2.89,0.36
143,3.993120528098879,5.2674996750235845,4.891578620293187,5.705605869456338,4.919029835458807,6.390240435383678,5.703833135833781,5.606380407030181,7.211106979078922,8.024893263072794,197612,4.031772734973916,5.65,3.03,2.27,0.4,0.73,5.65
144,-5.2496550000000015,-4.588105555555556,-4.660452631578948,-4.882426315789473,-4.9961052631578955,-4.089410526315789,-2.3585526315789473,-0.9521999999999999,-2.248478947368421,0.875905,197701,6.125560000000001,-4.05,4.76,4.27,0.36,4.01,-4.05
145,-0.0904570011553173,-2.4524272291392504,-2.0891406996778707,-2.401301662543084,-2.3927056920358756,-2.7105726489486583,-3.051904988643224,-2.347099311737732,-2.347218378502457,-2.631224464352947,197702,-2.54076746319763,-1.94,1.04,0.47,0.35,0.36,-1.94
146,-1.6665822294989,-1.0248452973865962,-0.978108751883095,-0.960108877678173,-0.9449764835946123,-0.4041491117135132,-0.8521621161374542,-0.3301656251261642,-1.2635411718517298,-0.1467113621009643,197703,1.5198708673979358,-1.37,1.0,1.09,0.38,0.55,-1.37
147,-1.0711379338258915,0.015903387728316343,-0.17200198389320487,0.2870417908224131,0.4754227117305574,0.7311187441602408,1.6851672341218276,1.8286282328993138,1.249132993049638,1.5374224833151633,197704,2.608560417141055,0.15,-0.12,3.38,0.38,4.21,0.15
148,-1.1369388622755086,-1.4722642825506553,-1.1727357659964164,-1.276545862280357,-1.012811924995966,-1.0099111701962162,-0.9044618292764176,-1.517103933912908,-1.1375651298572445,-0.9809888628710731,197705,0.15594999940443544,-1.45,1.18,0.85,0.37,2.03,-1.45
149,4.569277273968218,5.000043181116771,4.496381614018208,5.800237012845565,5.0689404473782345,5.3118362501321785,6.086677785012944,6.811996285360392,6.48958177375065,7.928955794159913,197706,3.3596785201916948,4.71,2.09,-0.74,0.4,1.66,4.71
150,-0.9468371862117215,-1.487702556541326,-1.298927362480759,-1.824200590754454,-1.942009147831563,-1.5375172670523376,-1.0009196894514314,-2.3511598020681426,-1.7096381529784448,-1.3202226877043899,197707,-0.37338550149266825,-1.69,2.16,-0.57,0.42,0.36,-1.69
151,-0.5665899951120763,-0.8142792539941698,-0.8579669167503856,-1.0369037138482122,-1.590362110539822,-1.260195034673318,-1.378491706484095,-2.02332809821054,-1.5067818356183331,-1.1768017190406366,197708,-0.6102117239285603,-1.75,1.49,-2.73,0.44,-1.7,-1.75
152,1.6546896941288247,0.024167243724362464,-0.12067626123249137,0.22992532356322087,-0.13062299982388276,0.4680169263599307,1.1137201332417472,1.5225099604542656,0.30977577052332955,1.1134872618806535,197709,-0.5412024322481712,-0.27,1.33,-0.46,0.43,2.0,-0.27
153,-3.7576606074156507,-4.505869419442898,-3.7942339399992537,-4.141531141455259,-3.6448045087507213,-4.085255223787096,-3.6642859758991086,-4.988595848884062,-3.988982144923348,-3.983583164251585,197710,-0.22592255683593399,-4.38,1.25,1.81,0.49,-0.08,-4.38
154,3.6402757011248523,4.45262572696553,4.431295973460363,4.943414195008341,4.569043998174852,5.779672583430595,5.9744265515889605,6.318472561720818,5.940330381910788,7.349470503975206,197711,3.7091948028503534,4.0,3.72,0.23,0.5,2.01,4.0
155,0.7746943153075847,0.7584382392706397,0.9283409406512904,0.861128536666637,1.021497479928157,1.2840384651610222,1.3442247720390792,1.2921587798996879,0.7747524867565645,1.7878232201972615,197712,1.0131289048896768,0.27,1.32,-0.3,0.49,1.58,0.27
156,-5.627231578947368,-6.134731578947367,-6.259763157894736,-5.063621052631579,-6.0975,-5.623052631578947,-5.13898947368421,-5.552863157894736,-5.522021052631579,-3.601057894736842,197801,2.0261736842105265,-6.01,2.24,3.36,0.49,-0.66,-6.01
157,-2.271957077211448,-1.749612047280864,-1.4868883008301712,0.08103905877174983,-0.9192539133275706,-0.38146964562354346,0.17458697472832957,0.4695572136099541,1.4441380730244606,1.256556158840834,197802,3.528513236052282,-1.38,3.59,0.83,0.46,1.97,-1.38
158,2.4078663256925052,2.3026416809143138,3.0687213361731587,3.226429950254153,3.19350491641368,3.764974009569552,4.512601019675114,5.085500781958949,5.123838507835708,5.413645820266745,197803,3.00577949457424,2.85,3.48,1.16,0.53,1.37,2.85
159,7.564772349721799,7.1671089771274366,8.294677276976135,5.605840743046691,7.523932005209956,7.7130093012396825,6.44263355656817,7.539610459352711,7.654316442439435,6.8791378562943075,197804,-0.6856344934274912,7.88,0.44,-3.57,0.54,0.86,7.88
160,2.4159414451553554,2.012412942674781,2.8354400517778853,2.5311349213588095,2.347497214519299,3.660450958599281,5.239327836393863,4.348688725083359,5.076157976940376,5.239031864596933,197805,2.8230904194415776,1.76,4.56,-0.53,0.51,2.83,1.76
161,-1.4138206930463784,-1.1279378656049297,-1.3517313640508717,-0.09814319860664888,-0.8786271350315159,-0.33848662445154526,-0.593470924788814,-0.6570275862684012,-0.47068819080402896,-0.4679260291742666,197806,0.9458946638721119,-1.69,1.66,0.57,0.54,2.75,-1.69
162,6.048629788523392,5.7642713749163725,7.573302877371999,5.857489681545006,7.20760851544091,7.006811169581157,7.644842198563108,7.101682536862905,7.821686166565806,7.499235774990723,197807,1.4506059864673304,5.11,0.25,-1.11,0.56,4.18,5.11
163,3.0603134670830636,3.515982747223329,3.730106526423889,3.9504778220358783,3.5349902424285458,5.031420958857895,5.4107887681633,5.801407273573075,6.3181949882946356,6.338672623299448,197808,3.2783591562163843,3.75,5.06,-0.57,0.56,2.83,3.75
164,-2.3499736052204447,-2.6983765951701617,-3.172023788600302,-2.3113149486520967,-2.877691842237942,-2.71089332442752,-3.2290255306083657,-2.7402455773290244,-3.0501776680946744,-2.481333081970117,197809,-0.1313594767496722,-1.43,-0.43,1.86,0.62,-3.14,-1.43
165,-11.736352798150774,-11.096839764254796,-14.103932796954547,-11.541662707231906,-14.815801561254652,-15.224503727153317,-16.602456798463667,-16.78238984840337,-18.961622895979502,-17.361898255088434,197810,-5.62554545693766,-11.91,-9.89,1.39,0.68,-8.46,-11.91
166,1.8774662520838803,2.036338169847233,4.123897808071981,1.656532922552236,4.22698050120554,4.348796357897269,3.126273116771719,4.465950933148602,6.084484367894633,4.267648520553367,197811,2.390182268469487,2.71,3.0,-2.14,0.7,5.47,2.71
167,1.1962233300647822,1.6043566789901333,2.133525685543211,1.602280506786976,1.655892712349288,2.4386570991092524,2.603081282860786,1.7833675801299844,2.9170768815113055,1.820235282421719,197812,0.6240119523569367,0.88,1.29,-2.13,0.78,3.03,0.88
168,4.091694444444444,4.682756250000001,2.7993277777777776,3.227378947368421,3.633176470588236,4.089782352941176,3.1363611111111105,3.7401499999999994,5.2307875,4.96458947368421,197901,0.8728950292397659,4.23,3.62,2.2,0.77,-1.36,4.23
169,-3.9094897841332816,-3.306091989708708,-4.061578755795026,-4.745629222448155,-3.7870895794594523,-3.0260212842743965,-4.454170161010284,-3.6741940317755786,-3.950638642520813,-4.385931270185337,197902,-0.47644148605205494,-3.56,0.45,1.14,0.73,-1.06,-3.56
170,5.155681415020201,7.302226669915013,5.670747920211481,6.993032508702582,6.892109048320702,6.405727682078997,8.232567991374165,7.2791160176759995,7.121881510875108,9.134155991599588,197903,3.978474576579387,5.68,3.22,-0.73,0.81,2.93,5.68
171,-0.07547862820426277,0.7231191146313307,0.028365302437150075,0.3218688406655421,0.7672001011000913,0.6330955722586207,0.5442906759738555,0.08451576530325411,1.5841147499835653,-0.36684408720788075,197904,-0.291365459003618,-0.06,2.18,1.08,0.8,0.81,-0.06
172,-2.3835236568872524,-1.33776084086624,-2.042441666617683,-2.5537330420498776,-2.2050630862221556,-1.8273963926246553,-2.707541581509565,-2.5455807656154295,-3.2520548904340876,-2.538241327989059,197905,-0.1547176711018068,-2.21,0.19,1.32,0.82,-0.54,-2.21
173,3.3851171400830116,4.88603294190724,3.4861187618317993,4.151304993471596,4.046594875061013,4.304279549835838,3.9626066577020382,3.4293637411393934,3.637302679855106,3.824587277283763,197906,0.43947013720075123,3.85,1.16,1.39,0.81,0.84,3.85
174,0.6538689755039566,1.169925943173629,1.09089603087543,1.075684832449244,0.4713681979621067,1.6218373659058352,1.6639008681649026,1.5541847243930338,1.7121484634043465,1.3603179212948242,197907,0.7064489457908676,0.82,1.28,1.86,0.77,-1.07,0.82
175,5.57181100586379,5.72092387335606,5.497278897388693,6.52890224209977,5.681737188539454,6.596296937825294,6.99903568549731,6.8274911648492065,7.083720780967649,7.516709171648195,197908,1.9448981657844042,5.53,2.05,-1.58,0.77,-0.21,5.53
176,-0.5898428955221803,-0.1990986806052818,-0.47595353237614585,-0.8626055937944496,-0.03442861489487459,0.51901049465632,0.023119854303629617,0.21974706712564263,0.8422513219896893,0.6463957347182182,197909,1.2362386302403985,-0.82,-0.27,-0.9,0.83,5.28,-0.82
177,-7.289249703773588,-7.736704850739197,-7.047518267064854,-8.077530535880586,-7.005461657663295,-7.766008021823798,-8.271034591407684,-8.997026650653362,-8.583535914805296,-9.514301532752999,197910,-2.225051828979412,-8.1,-3.37,-1.86,0.87,2.01,-8.1
178,3.936020670368288,7.292912365556134,6.195425483873294,6.14765640396944,6.804834712483657,7.606383668835141,8.285550528231987,7.45150816473685,6.8475577681338295,8.076681572777574,197911,4.1406609024092855,5.21,2.87,-3.28,0.99,8.14,5.21
179,1.8404554872849321,3.635702694309929,3.563584366353891,3.1837023866832785,3.5086572094740793,4.47149841388073,3.943622366929044,4.372143569761664,5.795197230311213,6.928428532700502,197912,5.08797304541557,1.79,4.17,-2.1,0.95,4.78,1.79
180,2.827505263157894,4.301688888888888,3.8109,5.583426315789474,6.181076470588236,7.017533333333334,6.813952631578946,8.271111111111109,6.929333333333332,8.235952631578947,198001,5.4084473684210534,5.51,1.62,1.75,0.8,7.55,5.51
181,-3.7562890357416414,-2.6685938255784425,-2.1451025037473865,-2.3770413884919397,-2.6007754118364876,-1.3954525189469886,-1.6894704272662158,-1.3465576871716558,-0.46432526365107313,1.2798520268485616,198002,5.036141062590203,-1.22,-1.85,0.61,0.89,7.88,-1.22
182,-9.388502941785628,-11.223353508301365,-10.679106902554235,-13.551309413084677,-13.00404005257116,-14.002121642208852,-15.694593395571438,-15.83380506992524,-16.00284979531752,-19.163296848028043,198003,-9.774793906242415,-12.9,-6.64,-1.01,1.21,-9.55,-12.9
183,3.375126103304834,2.394546159099324,3.6562831576306003,2.9207344759547516,3.0381270699462704,3.522503223152782,3.2520972054302106,4.717210782778824,3.764213658921519,5.345277195345939,198004,1.970151092041105,3.97,1.05,1.08,1.26,-0.43,3.97
184,4.37398882381593,5.508918565852213,4.443929961534465,5.3767197929505794,5.252621680238002,5.420433452772496,5.295553218569994,4.790724641058365,5.834636993353582,4.7878995895740335,198005,0.4139107657581036,5.26,2.13,0.38,0.81,-1.12,5.26
185,2.570142451348364,2.873952862997322,3.041948837517098,2.9826297627174476,3.215783843663061,3.131756833880261,3.3590938360229203,5.054621611761135,3.4903890938962703,5.807947593753873,198006,3.2378051424055094,3.06,1.66,-0.76,0.61,1.62,3.06
186,3.714264151257459,7.428197362247092,6.805146645340304,8.351244924456855,8.453666880578048,7.805988135998594,9.73382344484443,8.436455742738529,9.667092089465713,8.679585403203737,198007,4.965321251946277,6.49,4.14,-6.41,0.53,0.35,6.49
187,0.9574895517729113,1.8830595115187179,1.4805328526615442,3.0953112171298267,1.8763612863249293,2.76333988277455,3.9660592539699135,2.990450577728132,3.452752287385445,4.757115465802912,198008,3.79962591403,1.8,3.93,-2.61,0.64,3.21,1.8
188,2.00537899847053,3.2177632586561016,2.8822311672958114,2.8976465530071827,3.0614664215856524,2.673896704679758,3.699320246955847,2.8318719189894197,3.373599349900755,5.153778359414629,198009,3.1483993609440986,2.19,0.97,-4.58,0.75,5.39,2.19
189,0.6086889393950501,1.3396362412266984,0.6971179935167613,1.221253866983736,1.0289367006063077,1.5983328653022204,1.0603885786774423,1.1529816289345167,1.343084740555901,3.1391511650807313,198010,2.5304622256856817,1.06,2.5,-2.79,0.95,7.3,1.06
190,5.581930369158745,7.364528210794595,7.189119468159162,6.900021350609845,8.084401611661555,9.610953874944556,8.904098386164922,9.719359159671374,9.233523222589913,11.804489810203638,198011,6.2225594410448934,9.59,-3.36,-8.33,0.96,15.22,9.59
191,-2.257191477640573,-3.1316693943912974,-3.308932357721876,-4.188417810973096,-3.2416482697421376,-4.497455172233984,-4.517816049592506,-4.435250487108444,-3.350492143227955,-4.067210797425897,198012,-1.8100193197853234,-4.52,-0.26,2.79,1.31,-6.68,-4.52
192,-2.123284210526316,-2.398111111111111,-3.8322947368421048,-4.44363888888889,-4.042222222222222,-5.807968421052633,-6.853766666666666,-6.503099999999999,-5.359677777777778,-9.477389473684212,198101,-7.354105263157896,-5.04,2.92,6.72,1.04,-7.95,-5.04
193,0.6228507944355335,0.8186157683781872,0.9963660247382966,-0.15797865854772142,0.31818014894535485,-0.625742375366515,-0.39863471908533876,0.7263843477827991,0.6628234683208869,-1.334908386070539,198102,-1.9577591805060726,0.57,-0.34,1.02,1.07,-1.35,0.57
194,5.266711971117955,3.9530484929915923,4.262714895536743,4.921476857042788,3.949976954199043,5.48470324683172,5.509171541597964,5.933808153981406,4.953306284385021,6.174546950263732,198103,0.9078349791457772,3.56,3.54,0.64,1.21,0.74,3.56
195,-0.4845433920367753,-0.236124983795297,-0.8325585138617019,0.10429509891466937,-1.1948603878586352,0.057443095803483946,-0.6427720473840842,0.08516394242981273,-1.1399941059207426,0.045557750094977756,198104,0.5301011421317531,-2.11,4.4,2.28,1.08,-0.91,-2.11
196,0.7326950456521437,0.9697542510567452,0.7720287334440907,1.8518182623855082,0.9760659634695688,2.7062443496213464,2.2075732401482524,3.28349715325878,2.5629234347408647,5.019039980292948,198105,4.2863449346408045,0.11,2.0,-0.42,1.15,3.7,0.11
197,-1.3761746413749056,-2.332599988007881,-2.5941652788005096,-4.427725648610234,-3.074130985543457,-5.6751632612648315,-6.2348721608849225,-6.51916197550436,-6.192294247314614,-9.967123088829066,198106,-8.59094844745416,-2.36,-0.83,5.13,1.35,-5.81,-2.36
198,-3.1423793676462175,-3.155237718803688,-2.7861565144579066,-3.0649977730258855,-2.8600095716725287,-3.10994122907414,-2.197798928282517,-2.649045567516135,-1.6787025566938332,-2.364129760351984,198107,0.7782496072942333,-1.54,-2.18,-0.49,1.24,-2.45,-1.54
199,-5.129874612763176,-5.358483089480812,-6.171169404210545,-7.457610715309623,-6.333058944384566,-7.63856926902063,-7.590690863553355,-8.598252317344492,-8.269859787565888,-8.599720842314703,198108,-3.4698462295515267,-7.04,-1.94,4.79,1.28,-1.15,-7.04
200,-5.138701818782071,-5.948340609251653,-6.266010942552082,-7.206652870143561,-6.0300203133044485,-7.076788892273829,-6.830389580982266,-7.933551391094706,-9.757636064399406,-7.429377062631123,198109,-2.2906752438490523,-7.17,-2.65,5.17,1.24,1.95,-7.17
201,3.584986209983758,4.330986377219818,4.602726039641324,6.044340890572381,5.117969934510474,6.929489327190315,5.832855178473914,8.233649142072892,6.758059225022011,9.063875115037288,198110,5.47888890505353,4.92,2.23,-4.21,1.21,4.01,4.92
202,3.5613282490539557,2.1095759810678487,3.0245698376429555,2.1241689639816688,2.604765715834932,2.158533280978898,1.5738403762419957,1.5287409952107958,2.1225038022469214,0.301632784844319,198111,-3.2596954642096367,3.36,-1.03,1.85,1.07,-0.27,3.36
203,-3.122201974103086,-2.140247640606617,-2.7883377231720807,-2.586170093381794,-2.644065833558493,-3.244408240348352,-3.2190820057010097,-3.458355582147503,-4.4039573452760035,-3.7726121770362986,198112,-0.6504102029332124,-3.65,1.2,0.82,0.87,1.3,-3.65
204,-5.448763157894737,-4.093694736842106,-3.4143277777777774,-3.5382578947368417,-3.8615444444444442,-3.5797684210526315,-2.3833894736842103,-3.1958277777777777,-2.7041105263157896,-2.003378947368421,198201,3.445384210526316,-3.24,-1.28,3.19,0.8,1.72,-3.24
205,-7.682853146085019,-5.6767815670863335,-5.387202010912662,-6.303567298017653,-6.198657911651454,-5.918385725323946,-4.671068740841363,-4.152038927494513,-4.118288326720688,-2.7119821049739663,198202,4.970871041111053,-5.86,0.44,6.05,0.92,4.88,-5.86
206,-4.783345080984457,-2.3198642221685297,-2.1786859955875837,-2.5297755159673176,-2.603107930552474,-2.565479283039385,-1.5211300184863432,-1.7273050054372474,-1.5125991345578063,-1.0875304720382006,198203,3.6958146089462565,-1.87,-0.21,3.83,0.98,2.96,-1.87
207,3.6628046145313693,4.379824835591811,3.902627013313901,4.079605245321541,3.9845126789102467,4.097584980515474,2.949068873276212,4.356398235880159,3.5726659671055705,3.1829361077319973,198204,-0.479868506799372,3.27,1.47,-2.7,1.13,-0.4,3.27
208,-4.746814015915104,-4.862147704251672,-4.218218536553913,-5.024809235350928,-4.391360046581102,-4.365906683950811,-3.9279744309037503,-4.274985706684239,-3.5039142778233754,-2.9730005701302114,198205,1.7738134457848929,-3.99,0.52,1.76,1.06,2.5,-3.99
209,-4.299162905070109,-2.516345296812749,-2.724995088285381,-2.5355209659954894,-2.728088636783275,-3.043102400552847,-2.667957002995032,-2.2855631192359382,-2.912504278406216,-2.7921463009620053,198206,1.507016604108103,-3.09,-0.4,1.55,0.96,4.96,-3.09
210,-1.917399690312842,-2.155622809749278,-2.0590303824516765,-2.7780286696232985,-1.9035223576904334,-1.3913255987678297,-1.6576960765241888,-1.6749930049018213,-1.5499165821835779,-1.6028552574346187,198207,0.3145444328782234,-3.19,0.83,0.09,1.05,4.44,-3.19
211,8.227527167676662,8.919775318557319,9.242431094938727,9.851180785745518,6.948481129207626,8.277646587177795,8.127629492386752,9.137705801571668,8.051950041954784,5.92600680079398,198208,-2.3015203668826825,11.14,-4.13,0.93,0.76,-3.52,11.14
212,1.1030945257025675,1.4044770357819332,1.4914223032197322,1.3834030443003649,1.0366063754033636,1.690121705565322,1.1786263542599134,2.4628296448433105,2.6517113365910996,2.1797533367998563,198209,1.076658811097289,1.29,2.96,0.27,0.51,4.19,1.29
213,11.964941559556458,13.603765647174404,12.58918115819419,12.447174822662614,11.128238683221706,12.330161580451348,9.31699799297644,12.46747216334417,11.616845426788124,9.046702305871271,198210,-2.9182392536851864,11.3,2.35,-3.67,0.59,0.18,11.3
214,7.835695155947746,7.087265363609874,7.233065023473624,5.442689791528242,6.918823553652433,7.188287569520059,4.887578531519617,6.024012148193571,5.914246901906014,6.278461706647763,198211,-1.557233449299983,4.67,4.66,-1.85,0.63,5.94,4.67
215,2.2318221983954682,0.5510654723479987,-0.4336895460506727,0.1430504360870336,0.5429254157722597,1.1723740860977028,0.42378147525390963,0.7931078244506994,0.867677418799136,1.01446360809401,198212,-1.2173585903014583,0.55,-0.25,0.01,0.67,0.04,0.55
216,4.1349,1.8501950000000007,3.232295,4.072195000000001,2.2646315789473683,2.6384149999999997,3.79851,4.308045000000002,4.250605,4.299215,198301,0.1643150000000011,3.6,2.71,-0.71,0.69,-1.74,3.6
217,-0.42037757015324695,3.6001841368113263,3.170065186446641,2.6286751735629275,3.6381212613291334,3.658388835435466,3.816876033909912,4.695252837667382,4.918966772820705,2.8825516344875997,198302,3.3029292046408467,2.59,3.28,0.7,0.62,3.78,2.59
218,2.4843559429344024,2.895087700643565,2.43182784648013,2.5185854335657916,2.081166556045421,2.861563412857107,2.534764546019427,2.482016748008214,2.8789926776153845,3.837992902175629,198303,1.3536369592412267,2.82,1.74,2.01,0.63,0.93,2.82
219,5.267280722135122,5.812951277686537,5.071562026897355,5.690889914073956,4.740768278911989,6.295116168481017,5.881430817537314,5.72281790325614,6.402489200097417,6.848833170354972,198304,1.58155244821985,6.67,0.49,0.51,0.71,1.72,6.67
220,2.2619074256887757,0.8845482364363277,1.4720679823144471,1.872049434470334,0.9221985712403489,1.2704764807812727,2.715715128073084,3.0930004681757564,3.1380203702025566,2.31578062847321,198305,0.053873202784434415,0.52,6.26,-1.42,0.69,-1.56,0.52
221,3.6983002820104094,3.37874449665968,3.2665403387087126,2.0744708399679785,3.497881460330465,3.142899008326811,3.5797157746505173,3.9045369064259425,4.0973046050655455,4.968352687004245,198306,1.2700524049938355,3.07,0.95,-3.91,0.67,1.8,3.07
222,-2.2156244848454723,-3.4673679450312056,-3.897106746993339,-4.371161356543879,-3.4929060037272137,-4.517750362526603,-4.827159184280741,-5.116270752868929,-4.524300552770777,-5.273079228625905,198307,-3.0574547437804327,-4.07,1.49,5.62,0.74,-3.11,-4.07
223,-0.9979665894595995,-2.5410660349137157,-1.8229436515985056,-1.0631643652003753,-2.3561434486070922,-2.1509949802838975,-2.794800677824904,-2.5718724989984683,-3.4420676560073513,-2.797619531640164,198308,-1.7996529421805647,-0.5,-4.27,5.54,0.76,-5.43,-0.5
224,-1.1862720118320917,1.9396056309018952,1.3149011587284016,1.2479818489923475,1.7763159248840024,1.5215342970949919,1.6362011391885514,1.3889642041655998,1.6780991794588946,-0.16401894124625982,198309,1.022253070585832,0.91,0.62,1.01,0.76,-0.03,0.91
225,-4.566645788531208,-4.244366264898261,-4.942076096058079,-4.859607967441149,-4.434291279914472,-5.334929054406415,-5.411254413549226,-6.5428633490910215,-6.073898915992135,-6.766188952333087,198310,-2.1995431638018794,-3.44,-3.57,4.97,0.76,-4.52,-3.44
226,2.8231155131501566,2.5327935619076225,2.1195032161767218,3.0152611501328828,2.6721707699501422,3.2325263836484543,2.603268525457578,3.778774345998655,3.75584267606854,4.65890690751429,198311,1.8357913943641342,2.16,2.02,-0.73,0.7,-0.13,2.16
227,-0.09880616118874397,-1.636572685755135,-1.8137687611701965,-1.5873719923248495,-1.8063793574791271,-2.5517433138593355,-2.010203413001128,-2.1173082270972823,-2.9095703432937254,-2.473144418492085,198312,-2.374338257303341,-1.78,-0.27,1.7,0.73,0.84,-1.78
228,-4.346823809523809,-4.149861904761905,-4.835638095238094,-3.576195238095238,-4.003871428571429,-3.4032809523809524,-5.059890476190475,-3.58517619047619,-3.1432571428571414,-1.6215000000000002,198401,2.725323809523809,-1.92,-0.37,7.57,0.76,-2.56,-1.92
229,-2.4779124374952026,-6.840720128490975,-6.0192393433065865,-4.911193137155027,-6.044011854473853,-5.865371444690618,-5.503526752889424,-5.311807690085399,-4.7359549605371125,-5.709476009454512,198402,-3.2315635719593097,-4.82,-1.69,3.34,0.71,0.22,-4.82
230,-0.7860239395492306,0.14188166439793348,0.9872281390354423,0.2505574719056477,0.9016406158368251,1.0516739322492694,0.03423121875719004,1.474086458295501,0.816053601372845,1.333298202143128,198403,2.1193221416923587,0.63,0.07,0.47,0.73,1.07,0.63
231,-1.7749337739456017,-1.9061693162435855,-0.9386874428702086,-1.7321463115692683,-1.482255977422066,-1.4349604079074278,-1.1101260515703628,-1.4178387987542411,-1.3225071403570283,-1.9057053466035427,198404,-0.13077157265794104,-0.51,-1.16,1.19,0.81,2.07,-0.51
232,-5.607467513263098,-6.713815136493563,-6.036661187384577,-6.730128688759731,-6.068333332926412,-5.673891781232368,-5.6705880337512715,-6.85253335023474,-6.430363810140769,-7.415727617416796,198405,-1.8082601041536988,-5.97,0.07,0.29,0.78,1.51,-5.97
233,0.3982070653098593,1.749563772011928,2.9044382994866305,2.8161599506516852,2.135888583026769,1.9401459512011447,1.9852523175068182,2.1519945736189587,1.3128279506087797,1.1512347140002137,198406,0.7530276486903544,1.82,-0.31,-2.66,0.75,-0.7,1.82
234,-5.677679721918422,-3.881053996494856,-3.3767143773858486,-3.2811611597411012,-2.4899525138444543,-3.217339256369759,-3.298095644053351,-4.206881993958988,-4.349466809393329,-3.941629613112463,198407,1.736050108805959,-2.74,-2.21,0.33,0.82,2.83,-2.74
235,9.69473274774486,10.385311637606623,9.935511029306484,9.232676032544711,9.668683149005373,8.975744643665303,9.630177524011337,9.849701867960832,9.621986966574806,9.176301653756953,198408,-0.5184310939879069,10.28,-0.24,-1.8,0.83,-5.59,10.28
236,-3.018205421655756,-3.019861672130885,-2.266144067700798,-2.3708658073057416,-2.4904102265663974,-1.5803814350808945,-2.2590767872539996,-2.3163272499317316,-2.1290898089859787,-1.4174913309226493,198409,1.6007140907331068,-0.8,0.18,5.23,0.86,3.62,-0.8
237,-2.1130684353226856,-1.5099781219626742,-0.6277606454569702,-1.1938178195477276,-0.930866956322153,-0.8877924187018196,-1.3054987359973143,-0.6726409739026784,-1.1239477168232346,-1.029317717207459,198410,1.0837507181152268,-0.84,-1.23,0.47,1.0,3.16,-0.84
238,-2.665279130914407,-3.74510629412834,-2.8871224036653924,-3.023839384735496,-3.3440541613677763,-1.8571625052842673,-2.827834475468106,-2.18427632505486,-3.0501885091678664,-2.0050277092514652,198411,0.6602514216629416,-1.76,-0.63,4.04,0.73,1.64,-1.76
239,-1.1486645880823927,2.1251231443720893,1.6898330345289416,2.3529300726276605,2.0817644918233476,1.564047265948131,1.2968892466579218,1.6165059008291323,1.5160459278133858,1.0287988312746421,198412,2.177463419357035,1.84,-0.56,-0.25,0.64,1.49,1.84
240,10.670833333333333,10.896791666666665,10.102666666666664,9.386670833333332,9.010108333333333,8.124374999999997,8.126416666666666,8.148229166666665,6.720320833333334,6.389868,198501,-4.280965333333333,7.99,3.3,-5.33,0.65,-6.82,7.99
241,0.27543401325059036,1.0863059520916383,0.7325472555256533,0.27104181674708516,0.28588807035505615,0.6558091454237455,0.5012773896922104,0.046912836433035676,0.5135636985343229,1.2337571702879542,198502,0.9583231570373639,1.22,0.8,-0.1,0.58,1.88,1.22
242,-0.17818985096966233,-3.6552787931231028,-2.7264835952350333,-2.213796617079774,-2.2951742011231424,-1.1564124479315208,-1.0514779150083973,-1.0649177831524534,-0.49421193773699984,-0.024259035011257035,198503,0.1539308159584053,-0.84,-1.07,4.07,0.62,1.58,-0.84
243,-3.401642880207805,-3.1371641330010167,-2.157165499685416,-1.5372407521227134,-2.2847514143610805,-1.3724583743548577,-1.1491060582653405,-1.369184922257083,-0.8840261231053571,0.02764565752281778,198504,3.429288537730623,-0.96,0.15,3.72,0.72,3.04,-0.96
244,2.279786439320548,3.4165428206326087,4.019014069103775,4.422960458673753,4.873722176525842,4.697157787393974,4.460247067214963,3.920981058488782,4.647014570350618,3.7946169871608557,198505,1.5148305478403077,5.09,-2.22,-0.94,0.66,3.99,5.09
245,-1.270663032576854,0.7236921149516526,1.1729373802763736,1.4446894528217726,1.1944076803780168,1.2504662677651226,1.1183741296271872,1.3021465439395663,1.5511285544142372,1.2996958215406726,198506,2.5703588541175266,1.27,0.52,0.41,0.55,3.57,1.27
246,0.5732085063247273,0.5973134505777956,-0.16841836403373978,0.6235127446712213,0.07456070861090569,0.4120550474898227,0.8845837362698487,0.7662122630528786,-0.13217422526222838,-0.7301380816491988,198507,-1.303346587973926,-0.74,2.85,-1.6,0.62,-3.91,-0.74
247,-1.7188501750734115,-1.892556040528898,-1.6114512333884419,-1.602617131664651,-2.0929056263812207,-0.9074331129887094,-1.415949693140294,-1.2169466969745644,-0.596095504379056,-0.2457875761081169,198508,1.4730625989652946,-1.02,-0.31,2.28,0.55,1.85,-1.02
248,-6.72214235988765,-5.977011998970467,-6.374616443072737,-5.337373545272316,-5.88412136710525,-4.299342836591046,-3.6980774166932817,-3.676984564230635,-3.0919989059337003,-3.759760779617026,198509,2.9623815802706246,-4.54,-1.59,1.29,0.6,1.51,-4.54
249,0.3152604830233142,3.6148377547479904,3.0500222985477414,3.3295034952936486,3.387056116873104,3.5941184299756945,4.078179515537794,3.104961396848719,3.416713410880465,3.7978089399933643,198510,3.4825484569700498,4.02,-1.51,0.75,0.65,4.88,4.02
250,7.6014144866758455,6.331995524337041,7.002964426666719,6.42863147473396,6.575415131403588,5.497943209701178,6.238760955513134,5.67385157852345,5.15320918545587,5.078711901831713,198511,-2.522702584844133,6.48,0.25,-2.84,0.61,-0.47,6.48
251,1.3929329698743347,4.812746031655128,3.613917970477743,3.6118854819824304,3.5123331759555945,2.774906644484149,3.220428484505338,3.08704610289333,3.268479289944256,2.872228424102293,198512,1.4792954542279584,3.88,-0.51,-1.54,0.65,-0.23,3.88
252,3.803062962962962,0.22940740740740706,1.0944692307692307,1.4959629629629623,0.7892846153846151,1.5595814814814815,2.0396962962962966,1.300992307692308,2.131144444444444,2.672825925925925,198601,-1.1302370370370372,0.65,1.21,0.44,0.56,3.0,0.65
253,2.6594282463441905,5.842082306428782,6.8303739345134655,6.91409094201192,6.7526278480809365,6.496945563326935,5.832166971273257,6.997732793417197,7.433458039122331,8.242979704683624,198602,5.583551458339432,7.13,-0.56,-0.77,0.53,2.76,7.13
254,1.5836193709483122,2.9586518823407526,3.5416512783691085,4.281341717232634,4.755431930540664,4.460890796643986,3.726709442854656,4.60750575231374,5.180533193247916,6.648339901288053,198603,5.0647205303397405,4.88,-0.58,-0.37,0.6,2.41,4.88
255,-0.7998191975393552,-0.3277280887797497,-0.8742421380848475,-0.13492806362219772,-0.16233998570364194,-0.3487281413384792,0.15087860373024786,0.0968698045812153,-0.020368979935880493,2.5320010692968755,198604,3.3318202668362304,-1.31,2.78,-2.86,0.52,-0.36,-1.31
256,-0.06781227311327725,2.899719405024591,3.2137617743756888,3.915049320634555,3.435287571848959,3.58632556837534,4.0264997923096555,4.11504559260921,3.883080601090848,2.350648013092761,198605,2.4184602862060385,4.62,-1.35,-0.21,0.49,2.05,4.62
257,-1.0407986901223565,-1.0179023176619566,-0.23277025083687775,0.5831370301420142,0.3049324871408642,0.1357733728119963,0.48554811503140693,0.44294472087009673,2.0218643233206675,2.7921276284792675,198606,3.832926318601624,1.03,-0.95,1.3,0.52,5.07,1.03
258,-4.891101047614514,-7.802310096156377,-7.117092694680567,-8.33249465526357,-6.778441334015701,-7.75123801377171,-7.053483054232299,-7.353510289574922,-7.224196715511134,-5.308848435986663,198607,-0.417747388372149,-6.45,-3.36,4.7,0.52,1.85,-6.45
259,7.085981413926748,3.8403698666160846,4.9721118037978025,4.328473370745488,4.357152158125244,5.009454558137564,4.57952406458704,4.4175791577176975,4.426150474556549,3.8897448676069963,198608,-3.196236546319752,6.07,-4.17,3.51,0.46,-5.28,6.07
260,-0.19758557845185115,-6.97548913999822,-7.309667518729216,-7.814071948956386,-6.68077439204177,-7.190771550308995,-8.022259756049955,-8.250665876132361,-8.065891384729165,-8.424557262913469,198609,-8.226971684461617,-8.6,2.36,3.22,0.45,-5.79,-8.6
261,1.3328893983014174,3.3280870085078065,4.2202128329266255,4.381885177392489,3.9955437484589273,4.625217611535148,4.029081171338436,4.714994077748702,4.227345534159938,3.100433555985116,198610,1.7675441576836985,4.66,-2.5,-1.42,0.46,4.46,4.66
262,-0.05879145729653512,0.8270691975067753,0.6730968151990514,0.45211940894962954,1.030091002758628,0.5309027571936685,0.015085694926520787,0.4472369596342669,0.8894097868324115,0.7453328617004703,198611,0.8041243189970054,1.17,-1.91,-0.07,0.39,-0.26,1.17
263,-1.1768640826514152,-2.364897501397933,-2.994623566792339,-3.0831775141669064,-2.384947772921132,-2.8224439126116234,-1.9348804203717178,-2.5355900968414637,-1.9773094454647628,-1.6530627050800994,198612,-0.47619862242868427,-3.27,0.13,0.36,0.49,0.35,-3.27
264,11.08718484848485,10.522315625,11.222696874999999,11.871353125,11.806393939393939,10.526390625,10.868375757575759,11.469209375,13.232739393939395,7.526963636363636,198701,-3.5602212121212133,12.47,-1.81,-3.16,0.42,2.2,12.47
265,7.0449067327203565,6.246034381274198,7.659235232840741,5.677682182879101,6.103109574614238,6.29501006589599,6.721349375236928,6.870144959358974,7.468400996018722,4.579266310988648,198702,-2.4656404217317087,4.39,3.49,-5.91,0.43,-2.07,4.39
266,2.0570835486650187,1.1123734715558087,0.6283935414201725,0.7761150294004142,1.1921516744510394,0.4128763077438298,1.1977225904630129,0.4222711365937526,1.5710657410885467,12.93798286543596,198703,10.880899316770941,1.64,0.45,1.61,0.47,1.68,1.64
267,-1.7552932695186478,-1.9821502937404487,-2.6699536288143615,-1.9711931779829721,-1.9568864403269441,-1.9934422948659645,-1.6792616398376652,-1.9355387900106398,-0.9223019973819278,6.077439115760463,198704,7.832732385279111,-2.11,-1.69,-0.39,0.44,0.22,-2.11
268,-0.7882784264442759,-0.3714990872834938,0.6167499249845235,0.22149430742796994,-0.05225824082262043,0.15298554550123333,0.3709542843737499,0.556696641866664,-0.1063210725521791,-1.8276942344440195,198705,-1.0394158079997438,0.11,-0.5,0.23,0.38,-0.74,0.11
269,0.5333521942923889,1.6627066935966002,1.6599429893771522,1.752373578285276,2.087933456314544,2.5512464805581003,2.457216525253799,3.0529640417625314,0.5517762052466599,-1.2513180675036257,198706,-1.7846702617960148,3.94,-2.12,1.04,0.48,-0.25,3.94
270,3.04612529626105,3.068011264136869,3.2388196910577647,3.2471086362410313,3.681871239694215,3.730899509540378,4.040093084946199,4.015014375193123,3.165436810568935,9.415063040866444,198707,6.368937744605395,3.85,-0.66,0.73,0.46,2.66,3.85
271,1.741183214316753,2.2936938572042367,2.7812246191348997,2.672440719249705,3.043672207116698,2.6123042440296294,2.665475950721336,2.6698934383276605,2.8787315070584416,1.9985360959215253,198708,0.2573528816047723,3.52,-0.77,-0.95,0.47,-0.86,3.52
272,-2.7862240966347604,-2.0552086434176444,-2.3581557959984876,-2.0968664901916467,-2.6115639301425326,-1.7798662321361818,-1.951183909541026,-2.4172759822411503,-0.9964954363919605,0.818775428402946,198709,3.604999525037706,-2.59,0.56,0.3,0.45,0.77,-2.59
273,-27.610066749791986,-26.420913512741098,-26.339551938159403,-23.9233409705229,-24.84220515202482,-23.199596665923913,-23.940107291100812,-22.967058428405558,-24.59163986680039,-26.9540595835016,198710,0.6560071662903866,-23.24,-8.4,4.23,0.6,-7.86,-23.24
274,-6.253405959988263,-6.134814726161709,-7.125063466215426,-5.911049887567949,-6.849709400571446,-6.285907208579203,-6.066928674295315,-6.485085197031271,-5.362041344455186,3.562970980745767,198711,9.816376940734031,-7.77,2.75,2.96,0.35,-1.17,-7.77
275,6.5248935994972515,8.44782478580744,9.060321297032147,7.542073696311244,9.039740861139615,8.197744981066787,8.401983837680872,8.729200872186212,9.495607305380137,2.1119247641254146,198712,-4.412968835371837,6.81,0.12,-4.39,0.39,5.87,6.81
276,5.449431578947368,4.10953947368421,2.3873743589743586,2.0133473684210528,1.970505128205128,0.9692421052631577,0.7753871794871794,0.1308973684210527,-0.34917692307692305,-8.529210256410254,198801,-13.978641835357623,4.21,-0.76,4.95,0.29,-7.27,4.21
277,4.012825124801582,6.112271279664722,5.840115446142859,6.082615168585727,5.628135757434593,5.479338703458515,4.644548087125562,5.650501417261125,5.413193843220527,3.31868142399272,198802,-0.694143700808862,4.75,3.34,-1.69,0.46,-1.47,4.75
278,0.7812282028476691,-0.13263189282240306,0.9829656660571047,0.5934550209235663,-0.2847262089735533,-0.863201202451854,-0.10021933117423104,-0.23821759793828823,-0.14060306181343601,5.094641735216399,198803,4.31341353236873,-2.27,6.14,0.74,0.44,0.58,-2.27
279,0.25934923102763524,0.8200487839408319,1.0224344130224146,0.8506899794213749,0.41700838387668443,0.7561552877354811,0.7767493083192696,0.5191723802273598,1.1534302513544905,0.03281485401801176,198804,-0.22653437700962348,0.56,0.98,1.63,0.46,2.24,0.56
280,-1.4334045386243788,-1.3116957034432508,-1.9330931084708438,-1.4071188397720122,-1.8735212626794797,-1.229289906455283,-1.4392882500220034,-1.477143561896845,-1.7004342671725252,-0.8663967120495455,198805,0.5670078265748331,-0.29,-2.61,2.42,0.51,0.63,-0.29
281,5.416232553720395,5.160992405802865,4.4426745004007575,5.5093905260987315,4.88751744451324,4.606573778397627,3.5933478034492214,4.472761944328674,4.045775938946563,1.9862248109937102,198806,-3.430007742726685,4.79,2.1,-1.22,0.49,-2.93,4.79
282,-1.9915466201091367,-1.6963475427158867,-1.777770111191397,-2.386771906016208,-2.160147747070782,-1.9306197779772731,-1.1612191325542054,-2.04976640805817,-2.5285590157771987,-1.7464214438732382,198807,0.24512517623589858,-1.25,-0.26,2.17,0.51,0.65,-1.25
283,-3.5458764786908366,-3.5655437126661633,-3.0570803308060763,-3.671935330584027,-3.8805376448122257,-3.8840568803024635,-3.925741568807126,-4.161468992664166,-4.7343720865279595,-5.61618132149243,198808,-2.0703048428015935,-3.31,0.04,2.1,0.59,0.35,-3.31
284,2.5458390603506116,2.875491858284391,2.6388031617148373,2.740665963138621,3.040104631631975,2.673013365058786,2.417560381540338,2.688193692573675,2.3748728082660606,-1.6518045031450166,198809,-4.197643563495628,3.3,-1.3,-0.75,0.62,0.27,3.3
285,-0.14013910180347144,0.03755432419796212,0.08364226833676758,-0.11962042755528185,0.0517450858909998,0.36426471603640354,0.9731031959243056,-0.010053064180994942,0.007827606861629754,0.778674835178517,198810,0.9188139369819884,1.15,-2.92,1.69,0.61,1.33,1.15
286,-2.6919760345830706,-2.9568739486835973,-2.629872281166817,-2.7837600323974048,-2.3591918483509033,-2.2130178005029517,-1.2942401427102126,-2.1879284617992263,-1.4028845117558928,0.08115658710576223,198811,2.773132621688833,-2.29,-1.71,1.3,0.57,0.33,-2.29
287,1.5486905169359915,2.4792376978359743,2.4624861217492064,2.6799631478924666,2.143157588871887,1.975692572646106,1.548242674226472,2.278076246143525,2.5831928993453985,-0.21205612664879092,198812,-1.7607466435847823,1.49,1.97,-1.61,0.63,0.49,1.49
288,3.9935302325581397,4.5271357142857145,4.637369047619047,4.979045238095237,5.020249999999999,5.212932558139536,5.3138,5.21592380952381,4.979904761904762,6.461246511627907,198901,2.4677162790697675,6.1,-2.22,0.62,0.55,-0.16,6.1
289,-0.48297827333973564,-1.8707761805157177,-1.9546457403473227,-1.59697699694981,-1.7705353704321354,-1.1038785877841537,-1.2110832026857044,-1.1537315693487153,-0.8589867247515162,-0.5290878462096249,198902,-0.04610957286988929,-2.25,2.82,0.93,0.61,0.99,-2.25
290,-0.22814941149692097,1.4838501360797616,0.6287955091183101,0.1644971662813638,1.208644150609722,1.9714522606715428,1.481628619634499,1.7787692950421365,1.728260738635346,2.0805641561796913,198903,2.308713567676612,1.57,0.67,0.54,0.67,3.51,1.57
291,0.7732885232778829,4.358900814422698,4.073179300695001,4.612796790380152,4.004278546790131,4.415731068616302,4.4149893668332885,4.123348609411908,3.495241908991349,4.121403446405638,198904,3.3481149231277545,4.33,-0.68,-1.4,0.67,1.77,4.33
292,-0.5101598139563976,3.586542638846548,2.6505497021860176,3.1747139143923917,3.014170306848975,3.3775424670067036,3.0262100795248164,2.735820418322215,2.1528673438667543,2.966886079078502,198905,3.4770458930348997,3.35,-0.05,-0.87,0.79,1.52,3.35
293,0.06478060568837607,-2.7929898003677005,-1.946943066504436,-3.0835178786055084,-2.882867424454532,-2.23863898004948,-2.231622912018559,-1.320576289877076,-1.8918406964330574,-1.6286222230728142,198906,-1.6934028287611902,-1.35,-1.02,2.23,0.71,0.43,-1.35
294,4.220134310510456,6.653310598299444,6.555671617074606,6.301512196474516,6.300226607214143,6.067876844671776,6.90838711773833,5.541179464246097,5.773550031809086,5.897946842715718,198907,1.6778125322052615,7.2,-4.16,-2.79,0.7,5.39,7.2
295,2.589296142405482,1.5574206463311813,1.0543688594433078,1.6690609149338715,1.8975448258050618,1.8902978417105765,1.8686769033979231,1.3294384589225368,2.1101804294902395,2.419184290662602,198908,-0.17011185174288057,1.44,0.56,0.6,0.74,-0.12,1.44
296,0.8069060967690588,0.6138153651890977,0.17556279536967867,0.23038112510461162,-0.33715558819867,-0.43689561730867,0.07480721838281845,0.3155787004026216,-0.091151372691891,-0.2784164454378584,198909,-1.0853225422069173,-0.76,0.32,-1.27,0.65,3.4,-0.76
297,-2.8097597000981565,-4.080415993336363,-3.0773996286892356,-4.340929349984491,-4.855732435502207,-4.229761780598381,-4.689993279878402,-4.734033962829794,-5.473742501580683,-5.629212839739868,198910,-2.8194531396417117,-3.67,-3.24,-1.11,0.68,1.32,-3.67
298,5.415427021112576,0.46743895076906705,1.1973367984878578,1.612114912355593,0.8499688787017652,1.203736165272661,1.0131988314219682,0.7688201008209132,0.9194485747725241,0.6075587044993294,198911,-4.807868316613246,1.03,-1.24,-1.09,0.69,2.6,1.03
299,0.32761359159024595,0.052365169443642556,1.1313207200176603,0.8250455933135029,1.137728570626677,0.72544091551949,0.5586919046683304,0.5866735048387598,0.85336892897645,0.19207647595833222,198912,-0.13553711563191373,1.16,-2.37,0.16,0.61,2.8,1.16
300,-5.608482978723405,-5.172219565217391,-5.0846782608695635,-5.99132340425532,-6.229552173913044,-6.168510869565217,-7.429644680851065,-7.475410869565216,-8.71738695652174,-8.276936170212768,199001,-2.6684531914893626,-7.85,-1.25,0.85,0.57,-3.27,-7.85
301,1.002956837844363,0.2566443986741136,0.38032651886079305,0.522754555411251,0.22719921646287633,0.7026394535562056,1.1899340202628896,1.0412149914591557,1.4688091467187046,1.3439339348638053,199002,0.34097709701944257,1.11,0.97,0.64,0.57,-0.54,1.11
302,1.3556488767329138,0.8329885009167896,1.2154951363431943,0.7867246756175276,1.1007313047603375,1.7314303124743629,2.1980568161280822,2.1845312041868885,2.8739139357208474,2.928284685884833,199003,1.5726358091519195,1.83,1.46,-2.92,0.64,1.8,1.83
303,-3.291229770730907,-3.985633748743436,-3.3461797740943986,-3.6925222014330985,-3.4393852913864214,-3.447457317961789,-3.062905775257554,-3.776537511905983,-2.8023468820642177,-2.988502867730594,199004,0.302726903000313,-3.36,-0.45,-2.59,0.69,2.39,-3.36
304,5.571086905838169,6.749094628336814,7.059069040329909,7.615369859427805,8.092647585543377,7.476084581955016,8.87797542480047,8.66050153012983,9.794733334719124,10.903701280361245,199005,5.332614374523076,8.42,-2.56,-3.83,0.68,3.03,8.42
305,-0.36942105082495125,-0.7935292640359266,-1.2189466248064345,-1.0839257666328397,-0.8475344912953756,-0.4319716068946976,-0.4359741864333886,-0.4374363205762497,-0.07646102850507841,-0.0006578903527623137,199006,0.36876316047218893,-1.09,1.36,-1.93,0.63,2.4,-1.09
306,-3.6972046853147895,-2.0618416045592736,-1.6196329184737226,-1.5422861054579537,-1.0601225618758172,-1.5077872822271932,-2.310773557796856,-2.34424141904339,-2.301388663335119,-2.1911464326584986,199007,1.506058252656291,-1.9,-3.09,-0.04,0.68,6.14,-1.9
307,-10.12592190198014,-10.102676228421057,-9.78592457201324,-9.534057032247048,-9.869468552884074,-9.393476986483408,-10.256397791036413,-9.595511013169949,-10.45793743079226,-11.055324206255914,199008,-0.929402304275774,-10.15,-3.56,1.6,0.66,1.88,-10.15
308,-7.357157776996865,-7.580510457662824,-6.317827889236179,-7.041493886874917,-6.901244802890593,-6.629411949478447,-7.04977355685459,-6.388092215248935,-7.188946001933666,-8.120332008132136,199009,-0.7631742311352712,-6.12,-3.67,0.61,0.6,5.78,-6.12
309,-3.7585766380582593,-4.32982824928607,-4.15251245465977,-3.692037324691601,-3.080635209337599,-2.442081043744867,-2.335322798877436,-3.727579537047693,-2.2689373253534653,-2.8610563017228854,199010,0.8975203363353739,-1.92,-5.53,0.0,0.68,6.71,-1.92
310,4.299849700903149,4.074293296059848,4.3392340846009265,4.443621031989222,5.204820534407723,4.5389149620297164,6.000409470675227,5.6789461177485645,6.254191253808927,5.458499112298522,199011,1.1586494113953734,6.35,0.45,-2.97,0.57,-5.48,6.35
311,2.9161030947664903,4.18198530717225,3.960294344619291,3.2324240689111563,3.1493461741438877,2.9605227483716243,2.941073204525616,1.9935366990912873,2.6926558223775507,3.1490233569773793,199012,0.23292026221088902,2.46,0.82,-1.63,0.6,0.29,2.46
312,-0.951525,3.709588636363637,6.057593181818181,5.433481818181816,5.417386363636364,6.179175000000001,5.336665909090909,5.1035749999999975,5.737986363636363,7.035766666666667,199101,7.987291666666667,4.69,3.83,-1.57,0.52,-6.45,4.69
313,9.019095633237256,7.860124390353803,7.351743373174552,7.079506282857489,6.632974082827355,7.13809354758946,6.187124957149939,6.24615683816161,5.9160544702901845,7.686285805239997,199102,-1.3328098279972593,7.19,3.99,-0.63,0.48,-4.61,7.19
314,2.321169017637221,2.102334013022567,3.185160844542397,3.125286619954762,2.661144058281928,2.6968296506268463,2.60325431755982,2.5777555906508733,3.3536854361361668,4.969724890609162,199103,2.6485558729719414,2.65,3.9,-1.3,0.44,2.87,2.65
315,-0.7172974001846344,-0.18113234420682545,-0.09382117890824959,-0.7702142791431137,-0.7321266541821468,-1.1451363240937276,-0.9905980559094067,-0.6075442806919462,-1.3994490664356152,-2.3300791779923844,199104,-1.61278177780775,-0.28,0.48,1.45,0.53,-2.36,-0.28
316,3.4574198103699016,3.2281746066974772,3.9174752900973804,3.709474636177868,3.376281401143035,3.842802390608175,3.545850160284065,3.6137616704497066,3.450816074997798,4.416218328919511,199105,0.9587985185496093,3.65,-0.4,-0.49,0.47,-0.11,3.65
317,-0.7860801092424534,-4.074994563726249,-5.642318896117741,-5.556693469348612,-5.281253957679277,-5.619535218653473,-5.7041729482375185,-5.24005415215751,-4.967090062784307,-6.444360960405601,199106,-5.6582808511631475,-4.94,0.15,1.07,0.42,0.47,-4.94
318,1.8528917916892464,3.3965083989061737,4.644964162294893,4.593832226555235,4.244079068813433,4.691413970124978,5.018369687222279,4.791348067121771,4.791690707471112,6.610930422714089,199107,4.758038631024843,4.24,-0.92,-1.32,0.49,4.24,4.24
319,-2.7310076293641967,0.9939709999499216,2.3186757779523157,2.414007369670559,2.0102382853809146,2.897732488850371,2.332008400920607,2.383705598044312,3.1869686524224816,3.951580700961628,199108,6.682588330325824,2.32,1.59,-0.78,0.46,1.57,2.32
320,0.3133196956102347,-0.605550064093265,-0.30752058330603416,-0.9269794919201266,-1.0521866223487153,-1.37238764333481,-1.1486008734641513,-1.1264087515289871,-1.3314569523849882,0.013715444428626877,199109,-0.29960425118160783,-1.59,1.64,-1.07,0.46,1.79,-1.59
321,3.417468361385932,1.8283329585129149,2.0561845282809936,1.50445895724228,2.0489793271230354,1.7875016201343592,2.2612214162250686,1.471623198015533,2.142218525585558,3.602680977428254,199110,0.18521261604232242,1.29,0.81,-0.46,0.42,3.06,1.29
322,-2.176209092827743,-4.60114278162104,-4.79844481290029,-4.553783746596122,-4.613573493390805,-4.870400650793843,-4.445131937995228,-3.8940827044021074,-3.3560439693154716,-4.167148169861655,199111,-1.9909390770339115,-4.19,-0.5,-1.88,0.39,1.14,-4.19
323,2.067328627627099,7.428915785848863,10.353563996064318,9.722451237678204,10.072435615200524,10.753086883042391,11.170575323771155,10.822847095807106,11.354995941617274,11.517228593897642,199112,9.449899966270543,10.84,-2.24,-4.18,0.38,8.19,10.84
324,0.9254999999999998,0.5310761194029852,-0.05961617647058831,-0.5713611940298507,-0.8292955882352941,-0.10100454545454549,1.5103014705882354,2.1001641791044774,2.121058823529412,2.7168823529411767,199201,1.7913823529411768,-0.59,8.46,4.7,0.34,-2.49,-0.59
325,-0.9535942863590686,1.1766313066662226,1.43648317590366,1.2269942756821146,1.343550040019,1.3291057319006236,1.8876467366342273,1.6142891205112762,0.8610543963964965,0.8685834025229819,199202,1.8221776888820505,1.09,0.87,6.47,0.28,-0.53,1.09
326,-4.256000213475307,-1.9006004257110136,-2.182613914979832,-2.434327955374488,-2.3896713725233902,-2.8267605653267753,-2.9424105188832814,-3.9469760629448234,-4.775645270012551,-5.809655413055764,199203,-1.553655199580457,-2.66,-1.04,3.55,0.34,-0.29,-2.66
327,-1.5238993373623657,1.403886253268757,1.3851297207302733,0.9023383336860844,1.2096312605748043,-0.5399401908734738,-1.0184510704016538,-2.1939954369838577,-3.2758988549375654,-5.497494632599285,199204,-3.973595295236919,1.07,-6.06,4.32,0.32,-2.58,1.07
328,3.555129222374058,0.30857041025899135,0.5852989528225006,0.5351344506177912,0.4574034401006505,0.38878268185592324,0.046424481475143664,0.5484585431058162,0.4050183671327423,0.7543971899715354,199205,-2.8007320324025224,0.3,0.41,1.19,0.28,0.21,0.3
329,-0.019248047947472813,-1.6501885887241383,-1.8077251518678068,-2.4923816325027963,-2.401217107298038,-2.9166906087776963,-3.5027125966337387,-3.765193864638422,-4.38907278572469,-4.878205132222864,199206,-4.858957084275391,-2.34,-3.07,3.25,0.32,-0.58,-2.34
330,2.463995531016677,3.19024809920474,3.0853164979915912,3.2407198501366263,3.1478724267222233,2.9295760004106466,3.050174572038961,3.109871304864508,3.2352370265113817,3.862619770570006,199207,1.398624239553329,3.77,-0.51,-0.55,0.31,1.59,3.77
331,-2.3989419910739116,-1.9720761288987978,-1.9742935908014967,-2.0085094641055194,-2.1560400357501956,-2.2241214393530706,-2.2107857657206864,-2.5686655032495436,-2.6828768500238986,-3.666511001186195,199208,-1.2675690101122834,-2.38,-0.14,-1.08,0.26,-0.51,-2.38
332,-1.0226144137683768,0.7908367610776532,0.9001692230742941,0.9782557187261978,1.076903607563655,1.4165996760000874,0.986705893757188,1.516753843797727,1.888204834926414,1.9284250468189386,199209,2.9510394605873156,1.19,0.49,-0.23,0.26,1.5,1.19
333,-3.643751209263593,0.005923937912796912,0.07391766992539081,0.5513992976263387,0.5879086025594666,1.4080646899660523,1.676317279185617,2.5572590891825144,3.7729311837255497,4.48798958283434,199210,8.131740792097933,1.02,2.1,-1.98,0.23,2.48,1.02
334,-3.3887158921055236,2.6692143674857927,3.0579969213540226,3.563719930395832,3.4198867047747474,4.356884960830723,5.149810463847927,6.021074961710518,6.432590281385009,8.256875654712964,199211,11.645591546818487,4.13,3.79,-1.42,0.23,-0.15,4.13
335,2.0268476421390274,1.8543028025202164,1.3633729315948135,1.3169164922296133,1.108298391177936,1.328854899428487,1.9274787725550324,2.1309511668495524,2.6251333807286175,3.0249772336882677,199212,0.9981295915492399,1.53,1.67,2.65,0.28,4.31,1.53
336,-0.35539189189189185,0.2989635135135136,0.5743081081081083,0.7719743243243244,0.6453486486486486,1.1037027027027024,1.459177027027027,0.8561202702702702,2.3038743243243247,3.064937837837838,199301,3.4203297297297297,0.93,1.85,5.95,0.23,4.84,0.93
337,1.3514577381609834,-2.2426664085302956,-1.314482397717785,-0.47859280615992617,0.0674603427471904,-0.09122553963803293,-0.26515273720118054,-0.6213364335945907,-1.7697968173727778,-0.7351905020348959,199302,-2.0866482401958795,0.12,-3.49,6.44,0.22,3.14,0.12
338,6.702235324580771,2.3525185466548835,2.7808100847141684,2.493103060303355,2.5478621862949176,2.7042163038940847,2.7888435290383664,2.8229020949281267,3.234783550249613,3.3929484859080676,199303,-3.3092868386727035,2.3,0.23,1.19,0.25,3.73,2.3
339,3.8238302103490858,-3.055528438412906,-2.967826477638364,-2.295145168855634,-2.2765419415360206,-2.0642794982170294,-2.3041364920128524,-2.1864380814206794,-2.8841294972483533,-2.886456172674438,199304,-6.710286383023524,-3.05,-0.68,2.48,0.24,0.38,-3.05
340,7.315378292783026,3.8566483408147394,3.0584440225749137,2.7673018131151212,2.6884480915859905,2.788355428698832,3.2220871654679666,3.0665012017635425,3.9063122713626357,3.884010140199075,199305,-3.431368152583951,2.89,2.08,-3.5,0.22,0.22,2.89
341,1.2862335139490417,0.08502420814811495,-0.014270878346849092,0.28723871988480776,0.28286115171465376,0.4657295508630561,0.6508597279076717,0.41347068407290455,0.5325911414660816,0.677015531614854,199306,-0.6092179823341878,0.31,-0.26,2.72,0.25,4.55,0.31
342,3.7473331740768563,-0.45581572303120566,-0.5819197168111194,-0.4784130112861543,-0.364065707943816,-0.015845390596542164,0.11860985647809114,-0.028323264810149712,0.2671025709444007,0.9813795207385956,199307,-2.7659536533382605,-0.34,0.9,2.82,0.24,3.19,-0.34
343,-1.9608937456824858,3.613102227756291,3.789367375757524,4.086678187448336,3.597953238105524,3.5551521503012,3.89937599255072,4.034175434257223,4.2820783487866185,4.2991150211761635,199308,6.2600087668586495,3.71,0.14,0.14,0.25,2.65,3.71
344,-3.379090682650302,0.7463300423612445,0.42347125468752234,0.1831213588265072,-0.014355684262690988,0.2075543597540649,0.899903883512319,0.9832924021156373,1.5140029103106611,1.4979552766810291,199309,4.877045959331332,-0.12,2.98,-0.35,0.26,3.37,-0.12
345,6.085705213602348,1.0055010237226107,1.0640343950915003,0.8724339886071457,1.1280140328390242,1.0045106228539473,0.7732913567260697,1.081365040906468,1.258235829563392,1.5475930345147724,199310,-4.538112179087576,1.41,2.03,-2.78,0.22,-2.72,1.41
346,-1.9924830331809258,-2.8736913717473453,-2.4382681044064447,-2.3630675763296467,-2.294727300024563,-2.0800529335362388,-2.562778216473875,-2.2012899951024676,-2.4809255533700876,-2.7730558095876354,199311,-0.7805727764067096,-1.89,-1.13,-0.66,0.25,-4.74,-1.89
347,6.080860738133545,2.3578237713146826,1.9166389104521775,2.190135502856066,2.213526815145639,2.2770464648037616,2.540180660493375,2.759691799526387,3.298268040713561,3.0307645979333935,199312,-3.050096140200152,1.65,1.2,0.27,0.23,2.36,1.65
